date,currency,rate_to_usd
2023-01-01,USD,1.0
2023-01-01,EUR,1.1565
2023-01-01,GBP,1.2227
2023-01-01,RUB,68.7021
2023-01-02,USD,1.0
2023-01-02,EUR,1.1487
2023-01-02,GBP,0.9383
2023-01-02,RUB,75.8482
2023-01-03,USD,1.0
2023-01-03,EUR,0.8457
2023-01-03,GBP,1.4244
2023-01-03,RUB,80.2519
2023-01-04,USD,1.0
2023-01-04,EUR,0.8942
2023-01-04,GBP,0.9138
2023-01-04,RUB,77.4477
2023-01-05,USD,1.0
2023-01-05,EUR,0.988
2023-01-05,GBP,1.086
2023-01-05,RUB,87.3027
2023-01-06,USD,1.0
2023-01-06,EUR,0.9181
2023-01-06,GBP,1.4127
2023-01-06,RUB,87.0416
2023-01-07,USD,1.0
2023-01-07,EUR,1.0654
2023-01-07,GBP,1.06
2023-01-07,RUB,79.9767
2023-01-08,USD,1.0
2023-01-08,EUR,0.8866
2023-01-08,GBP,1.3311
2023-01-08,RUB,70.8544
2023-01-09,USD,1.0
2023-01-09,EUR,0.8331
2023-01-09,GBP,1.3088
2023-01-09,RUB,74.565
2023-01-10,USD,1.0
2023-01-10,EUR,1.0
2023-01-10,GBP,1.0579
2023-01-10,RUB,65.0741
2023-01-11,USD,1.0
2023-01-11,EUR,0.9712
2023-01-11,GBP,1.4516
2023-01-11,RUB,63.656
2023-01-12,USD,1.0
2023-01-12,EUR,1.0305
2023-01-12,GBP,1.1642
2023-01-12,RUB,84.3668
2023-01-13,USD,1.0
2023-01-13,EUR,0.9465
2023-01-13,GBP,0.9631
2023-01-13,RUB,60.7692
2023-01-14,USD,1.0
2023-01-14,EUR,0.8872
2023-01-14,GBP,1.059
2023-01-14,RUB,63.5422
2023-01-15,USD,1.0
2023-01-15,EUR,0.8905
2023-01-15,GBP,1.2669
2023-01-15,RUB,80.6768
2023-01-16,USD,1.0
2023-01-16,EUR,0.8982
2023-01-16,GBP,1.4206
2023-01-16,RUB,88.13
2023-01-17,USD,1.0
2023-01-17,EUR,1.0058
2023-01-17,GBP,1.1727
2023-01-17,RUB,63.6598
2023-01-18,USD,1.0
2023-01-18,EUR,1.0953
2023-01-18,GBP,1.0248
2023-01-18,RUB,67.8973
2023-01-19,USD,1.0
2023-01-19,EUR,1.0421
2023-01-19,GBP,1.1453
2023-01-19,RUB,89.8148
2023-01-20,USD,1.0
2023-01-20,EUR,0.9775
2023-01-20,GBP,1.1447
2023-01-20,RUB,63.573
2023-01-21,USD,1.0
2023-01-21,EUR,0.9226
2023-01-21,GBP,1.4603
2023-01-21,RUB,71.9336
2023-01-22,USD,1.0
2023-01-22,EUR,1.0911
2023-01-22,GBP,0.7026
2023-01-22,RUB,75.7899
2023-01-23,USD,1.0
2023-01-23,EUR,0.8585
2023-01-23,GBP,1.1456
2023-01-23,RUB,80.7025
2023-01-24,USD,1.0
2023-01-24,EUR,1.1215
2023-01-24,GBP,1.4613
2023-01-24,RUB,81.5493
2023-01-25,USD,1.0
2023-01-25,EUR,0.915
2023-01-25,GBP,1.1908
2023-01-25,RUB,73.219
2023-01-26,USD,1.0
2023-01-26,EUR,1.0253
2023-01-26,GBP,1.4546
2023-01-26,RUB,81.3971
2023-01-27,USD,1.0
2023-01-27,EUR,1.0818
2023-01-27,GBP,1.021
2023-01-27,RUB,87.8237
2023-01-28,USD,1.0
2023-01-28,EUR,0.9822
2023-01-28,GBP,0.7003
2023-01-28,RUB,87.7569
2023-01-29,USD,1.0
2023-01-29,EUR,1.045
2023-01-29,GBP,0.7407
2023-01-29,RUB,77.5361
2023-01-30,USD,1.0
2023-01-30,EUR,1.0377
2023-01-30,GBP,1.1682
2023-01-30,RUB,82.5154
2023-01-31,USD,1.0
2023-01-31,EUR,0.8154
2023-01-31,GBP,0.8097
2023-01-31,RUB,61.794
2023-02-01,USD,1.0
2023-02-01,EUR,0.9223
2023-02-01,GBP,0.8531
2023-02-01,RUB,73.7209
2023-02-02,USD,1.0
2023-02-02,EUR,1.1991
2023-02-02,GBP,1.4513
2023-02-02,RUB,68.7981
2023-02-03,USD,1.0
2023-02-03,EUR,0.8014
2023-02-03,GBP,1.1715
2023-02-03,RUB,63.3964
2023-02-04,USD,1.0
2023-02-04,EUR,1.0287
2023-02-04,GBP,1.4894
2023-02-04,RUB,63.0131
2023-02-05,USD,1.0
2023-02-05,EUR,0.8035
2023-02-05,GBP,1.2283
2023-02-05,RUB,86.9368
2023-02-06,USD,1.0
2023-02-06,EUR,1.0925
2023-02-06,GBP,0.7836
2023-02-06,RUB,73.386
2023-02-07,USD,1.0
2023-02-07,EUR,1.0437
2023-02-07,GBP,0.9654
2023-02-07,RUB,65.769
2023-02-08,USD,1.0
2023-02-08,EUR,1.005
2023-02-08,GBP,0.9502
2023-02-08,RUB,66.5656
2023-02-09,USD,1.0
2023-02-09,EUR,0.8653
2023-02-09,GBP,1.1603
2023-02-09,RUB,88.1587
2023-02-10,USD,1.0
2023-02-10,EUR,0.8581
2023-02-10,GBP,0.842
2023-02-10,RUB,84.972
2023-02-11,USD,1.0
2023-02-11,EUR,0.9743
2023-02-11,GBP,1.1894
2023-02-11,RUB,61.1013
2023-02-12,USD,1.0
2023-02-12,EUR,0.8591
2023-02-12,GBP,1.2482
2023-02-12,RUB,77.2412
2023-02-13,USD,1.0
2023-02-13,EUR,0.9507
2023-02-13,GBP,0.9077
2023-02-13,RUB,61.4878
2023-02-14,USD,1.0
2023-02-14,EUR,1.0967
2023-02-14,GBP,1.0816
2023-02-14,RUB,83.1673
2023-02-15,USD,1.0
2023-02-15,EUR,1.0171
2023-02-15,GBP,1.0549
2023-02-15,RUB,67.4243
2023-02-16,USD,1.0
2023-02-16,EUR,0.9574
2023-02-16,GBP,1.1841
2023-02-16,RUB,84.8685
2023-02-17,USD,1.0
2023-02-17,EUR,1.0687
2023-02-17,GBP,1.4421
2023-02-17,RUB,76.2747
2023-02-18,USD,1.0
2023-02-18,EUR,0.9726
2023-02-18,GBP,1.1593
2023-02-18,RUB,74.6803
2023-02-19,USD,1.0
2023-02-19,EUR,0.8841
2023-02-19,GBP,1.3022
2023-02-19,RUB,77.3696
2023-02-20,USD,1.0
2023-02-20,EUR,1.0139
2023-02-20,GBP,0.7774
2023-02-20,RUB,66.1457
2023-02-21,USD,1.0
2023-02-21,EUR,1.091
2023-02-21,GBP,1.4618
2023-02-21,RUB,81.4619
2023-02-22,USD,1.0
2023-02-22,EUR,1.0802
2023-02-22,GBP,0.8813
2023-02-22,RUB,78.8516
2023-02-23,USD,1.0
2023-02-23,EUR,0.8529
2023-02-23,GBP,1.3662
2023-02-23,RUB,84.0232
2023-02-24,USD,1.0
2023-02-24,EUR,0.8293
2023-02-24,GBP,0.92
2023-02-24,RUB,87.2684
2023-02-25,USD,1.0
2023-02-25,EUR,0.9272
2023-02-25,GBP,0.9271
2023-02-25,RUB,79.3119
2023-02-26,USD,1.0
2023-02-26,EUR,0.8177
2023-02-26,GBP,1.4715
2023-02-26,RUB,66.5641
2023-02-27,USD,1.0
2023-02-27,EUR,1.0022
2023-02-27,GBP,0.7864
2023-02-27,RUB,85.8737
2023-02-28,USD,1.0
2023-02-28,EUR,0.9239
2023-02-28,GBP,0.7263
2023-02-28,RUB,63.3907
2023-03-01,USD,1.0
2023-03-01,EUR,0.9927
2023-03-01,GBP,1.0103
2023-03-01,RUB,81.977
2023-03-02,USD,1.0
2023-03-02,EUR,1.1744
2023-03-02,GBP,1.1413
2023-03-02,RUB,64.5784
2023-03-03,USD,1.0
2023-03-03,EUR,1.1182
2023-03-03,GBP,0.7893
2023-03-03,RUB,68.258
2023-03-04,USD,1.0
2023-03-04,EUR,0.8447
2023-03-04,GBP,1.1167
2023-03-04,RUB,62.8149
2023-03-05,USD,1.0
2023-03-05,EUR,1.1362
2023-03-05,GBP,1.0089
2023-03-05,RUB,86.8468
2023-03-06,USD,1.0
2023-03-06,EUR,1.1379
2023-03-06,GBP,0.7601
2023-03-06,RUB,85.5953
2023-03-07,USD,1.0
2023-03-07,EUR,0.8289
2023-03-07,GBP,0.8986
2023-03-07,RUB,62.974
2023-03-08,USD,1.0
2023-03-08,EUR,1.0712
2023-03-08,GBP,1.4027
2023-03-08,RUB,66.3882
2023-03-09,USD,1.0
2023-03-09,EUR,0.8366
2023-03-09,GBP,1.3781
2023-03-09,RUB,64.6821
2023-03-10,USD,1.0
2023-03-10,EUR,1.1208
2023-03-10,GBP,1.3791
2023-03-10,RUB,60.0958
2023-03-11,USD,1.0
2023-03-11,EUR,1.0305
2023-03-11,GBP,0.7734
2023-03-11,RUB,74.387
2023-03-12,USD,1.0
2023-03-12,EUR,1.1766
2023-03-12,GBP,1.0766
2023-03-12,RUB,80.0538
2023-03-13,USD,1.0
2023-03-13,EUR,1.1738
2023-03-13,GBP,1.3039
2023-03-13,RUB,72.0213
2023-03-14,USD,1.0
2023-03-14,EUR,1.0065
2023-03-14,GBP,0.753
2023-03-14,RUB,73.4564
2023-03-15,USD,1.0
2023-03-15,EUR,1.0199
2023-03-15,GBP,1.2157
2023-03-15,RUB,70.5592
2023-03-16,USD,1.0
2023-03-16,EUR,0.8542
2023-03-16,GBP,0.9598
2023-03-16,RUB,72.7819
2023-03-17,USD,1.0
2023-03-17,EUR,1.166
2023-03-17,GBP,1.4196
2023-03-17,RUB,66.2477
2023-03-18,USD,1.0
2023-03-18,EUR,1.1304
2023-03-18,GBP,1.0557
2023-03-18,RUB,87.9602
2023-03-19,USD,1.0
2023-03-19,EUR,1.1411
2023-03-19,GBP,0.8676
2023-03-19,RUB,64.2818
2023-03-20,USD,1.0
2023-03-20,EUR,0.9181
2023-03-20,GBP,0.8893
2023-03-20,RUB,84.8062
2023-03-21,USD,1.0
2023-03-21,EUR,0.9716
2023-03-21,GBP,1.2462
2023-03-21,RUB,76.8524
2023-03-22,USD,1.0
2023-03-22,EUR,0.8949
2023-03-22,GBP,0.8482
2023-03-22,RUB,84.4773
2023-03-23,USD,1.0
2023-03-23,EUR,1.0909
2023-03-23,GBP,1.4632
2023-03-23,RUB,84.2671
2023-03-24,USD,1.0
2023-03-24,EUR,1.1283
2023-03-24,GBP,1.2753
2023-03-24,RUB,74.956
2023-03-25,USD,1.0
2023-03-25,EUR,1.1607
2023-03-25,GBP,1.3708
2023-03-25,RUB,80.8821
2023-03-26,USD,1.0
2023-03-26,EUR,0.8408
2023-03-26,GBP,1.0476
2023-03-26,RUB,79.7854
2023-03-27,USD,1.0
2023-03-27,EUR,0.8279
2023-03-27,GBP,1.4136
2023-03-27,RUB,73.5156
2023-03-28,USD,1.0
2023-03-28,EUR,0.9465
2023-03-28,GBP,1.3305
2023-03-28,RUB,61.7797
2023-03-29,USD,1.0
2023-03-29,EUR,0.9433
2023-03-29,GBP,0.7409
2023-03-29,RUB,73.7792
2023-03-30,USD,1.0
2023-03-30,EUR,0.8795
2023-03-30,GBP,0.9924
2023-03-30,RUB,72.4978
2023-03-31,USD,1.0
2023-03-31,EUR,1.0982
2023-03-31,GBP,1.1154
2023-03-31,RUB,65.7909
2023-04-01,USD,1.0
2023-04-01,EUR,1.1581
2023-04-01,GBP,0.825
2023-04-01,RUB,87.4809
2023-04-02,USD,1.0
2023-04-02,EUR,1.0905
2023-04-02,GBP,0.8816
2023-04-02,RUB,83.8223
2023-04-03,USD,1.0
2023-04-03,EUR,0.8221
2023-04-03,GBP,1.1853
2023-04-03,RUB,61.0694
2023-04-04,USD,1.0
2023-04-04,EUR,0.8136
2023-04-04,GBP,1.3513
2023-04-04,RUB,78.0227
2023-04-05,USD,1.0
2023-04-05,EUR,0.8133
2023-04-05,GBP,1.1689
2023-04-05,RUB,88.3375
2023-04-06,USD,1.0
2023-04-06,EUR,0.894
2023-04-06,GBP,0.9908
2023-04-06,RUB,65.8818
2023-04-07,USD,1.0
2023-04-07,EUR,1.0582
2023-04-07,GBP,1.0219
2023-04-07,RUB,60.4991
2023-04-08,USD,1.0
2023-04-08,EUR,1.1879
2023-04-08,GBP,1.3406
2023-04-08,RUB,74.8971
2023-04-09,USD,1.0
2023-04-09,EUR,0.8428
2023-04-09,GBP,1.4519
2023-04-09,RUB,68.2818
2023-04-10,USD,1.0
2023-04-10,EUR,0.9835
2023-04-10,GBP,1.0712
2023-04-10,RUB,64.453
2023-04-11,USD,1.0
2023-04-11,EUR,0.8691
2023-04-11,GBP,1.08
2023-04-11,RUB,70.9972
2023-04-12,USD,1.0
2023-04-12,EUR,0.8485
2023-04-12,GBP,1.3096
2023-04-12,RUB,76.7288
2023-04-13,USD,1.0
2023-04-13,EUR,0.9086
2023-04-13,GBP,1.3876
2023-04-13,RUB,62.6954
2023-04-14,USD,1.0
2023-04-14,EUR,1.0342
2023-04-14,GBP,1.1221
2023-04-14,RUB,83.1736
2023-04-15,USD,1.0
2023-04-15,EUR,1.1163
2023-04-15,GBP,1.4695
2023-04-15,RUB,76.1513
2023-04-16,USD,1.0
2023-04-16,EUR,0.8009
2023-04-16,GBP,0.7298
2023-04-16,RUB,85.1393
2023-04-17,USD,1.0
2023-04-17,EUR,1.0894
2023-04-17,GBP,0.9656
2023-04-17,RUB,74.3239
2023-04-18,USD,1.0
2023-04-18,EUR,0.8768
2023-04-18,GBP,0.8606
2023-04-18,RUB,85.7424
2023-04-19,USD,1.0
2023-04-19,EUR,0.8279
2023-04-19,GBP,0.9161
2023-04-19,RUB,72.5741
2023-04-20,USD,1.0
2023-04-20,EUR,0.8464
2023-04-20,GBP,0.7129
2023-04-20,RUB,60.9053
2023-04-21,USD,1.0
2023-04-21,EUR,1.024
2023-04-21,GBP,1.1237
2023-04-21,RUB,86.71
2023-04-22,USD,1.0
2023-04-22,EUR,1.0458
2023-04-22,GBP,1.3781
2023-04-22,RUB,69.9075
2023-04-23,USD,1.0
2023-04-23,EUR,0.875
2023-04-23,GBP,1.4663
2023-04-23,RUB,60.1323
2023-04-24,USD,1.0
2023-04-24,EUR,0.9388
2023-04-24,GBP,0.7353
2023-04-24,RUB,88.3703
2023-04-25,USD,1.0
2023-04-25,EUR,1.091
2023-04-25,GBP,1.3414
2023-04-25,RUB,70.6344
2023-04-26,USD,1.0
2023-04-26,EUR,1.0773
2023-04-26,GBP,0.9679
2023-04-26,RUB,72.4325
2023-04-27,USD,1.0
2023-04-27,EUR,1.199
2023-04-27,GBP,1.3508
2023-04-27,RUB,67.0411
2023-04-28,USD,1.0
2023-04-28,EUR,1.1616
2023-04-28,GBP,1.024
2023-04-28,RUB,71.3159
2023-04-29,USD,1.0
2023-04-29,EUR,0.9323
2023-04-29,GBP,1.4998
2023-04-29,RUB,63.0574
2023-04-30,USD,1.0
2023-04-30,EUR,1.0671
2023-04-30,GBP,0.8182
2023-04-30,RUB,77.6335
2023-05-01,USD,1.0
2023-05-01,EUR,0.9488
2023-05-01,GBP,0.9064
2023-05-01,RUB,78.1211
2023-05-02,USD,1.0
2023-05-02,EUR,1.1876
2023-05-02,GBP,1.4172
2023-05-02,RUB,89.0127
2023-05-03,USD,1.0
2023-05-03,EUR,1.014
2023-05-03,GBP,1.272
2023-05-03,RUB,73.0205
2023-05-04,USD,1.0
2023-05-04,EUR,1.0524
2023-05-04,GBP,0.8697
2023-05-04,RUB,83.0543
2023-05-05,USD,1.0
2023-05-05,EUR,0.8985
2023-05-05,GBP,0.7428
2023-05-05,RUB,85.9911
2023-05-06,USD,1.0
2023-05-06,EUR,0.9214
2023-05-06,GBP,0.9564
2023-05-06,RUB,73.1363
2023-05-07,USD,1.0
2023-05-07,EUR,0.8011
2023-05-07,GBP,1.0741
2023-05-07,RUB,70.5047
2023-05-08,USD,1.0
2023-05-08,EUR,0.8432
2023-05-08,GBP,1.2955
2023-05-08,RUB,88.826
2023-05-09,USD,1.0
2023-05-09,EUR,1.1868
2023-05-09,GBP,1.2588
2023-05-09,RUB,80.575
2023-05-10,USD,1.0
2023-05-10,EUR,0.8536
2023-05-10,GBP,1.3713
2023-05-10,RUB,72.6333
2023-05-11,USD,1.0
2023-05-11,EUR,1.0534
2023-05-11,GBP,0.7937
2023-05-11,RUB,62.6866
2023-05-12,USD,1.0
2023-05-12,EUR,0.887
2023-05-12,GBP,1.3984
2023-05-12,RUB,81.709
2023-05-13,USD,1.0
2023-05-13,EUR,0.9498
2023-05-13,GBP,1.1602
2023-05-13,RUB,61.1328
2023-05-14,USD,1.0
2023-05-14,EUR,1.1711
2023-05-14,GBP,0.9488
2023-05-14,RUB,81.922
2023-05-15,USD,1.0
2023-05-15,EUR,0.8877
2023-05-15,GBP,1.46
2023-05-15,RUB,85.4917
2023-05-16,USD,1.0
2023-05-16,EUR,1.0262
2023-05-16,GBP,0.7067
2023-05-16,RUB,75.2923
2023-05-17,USD,1.0
2023-05-17,EUR,1.091
2023-05-17,GBP,1.0647
2023-05-17,RUB,71.5989
2023-05-18,USD,1.0
2023-05-18,EUR,1.1487
2023-05-18,GBP,1.4013
2023-05-18,RUB,85.5666
2023-05-19,USD,1.0
2023-05-19,EUR,1.0345
2023-05-19,GBP,1.2688
2023-05-19,RUB,83.0728
2023-05-20,USD,1.0
2023-05-20,EUR,1.0258
2023-05-20,GBP,1.2977
2023-05-20,RUB,74.3934
2023-05-21,USD,1.0
2023-05-21,EUR,0.8428
2023-05-21,GBP,1.333
2023-05-21,RUB,66.7122
2023-05-22,USD,1.0
2023-05-22,EUR,0.9627
2023-05-22,GBP,0.9438
2023-05-22,RUB,68.8605
2023-05-23,USD,1.0
2023-05-23,EUR,0.9094
2023-05-23,GBP,1.2264
2023-05-23,RUB,85.8401
2023-05-24,USD,1.0
2023-05-24,EUR,1.1856
2023-05-24,GBP,0.8841
2023-05-24,RUB,74.7493
2023-05-25,USD,1.0
2023-05-25,EUR,0.931
2023-05-25,GBP,1.2803
2023-05-25,RUB,82.3516
2023-05-26,USD,1.0
2023-05-26,EUR,0.8239
2023-05-26,GBP,1.2551
2023-05-26,RUB,88.497
2023-05-27,USD,1.0
2023-05-27,EUR,0.8263
2023-05-27,GBP,1.2763
2023-05-27,RUB,87.7363
2023-05-28,USD,1.0
2023-05-28,EUR,0.9142
2023-05-28,GBP,1.3969
2023-05-28,RUB,74.3348
2023-05-29,USD,1.0
2023-05-29,EUR,0.8534
2023-05-29,GBP,1.176
2023-05-29,RUB,88.1714
2023-05-30,USD,1.0
2023-05-30,EUR,0.9986
2023-05-30,GBP,0.8297
2023-05-30,RUB,78.946
2023-05-31,USD,1.0
2023-05-31,EUR,1.1215
2023-05-31,GBP,0.8132
2023-05-31,RUB,68.6916
2023-06-01,USD,1.0
2023-06-01,EUR,1.1042
2023-06-01,GBP,1.4942
2023-06-01,RUB,80.4615
2023-06-02,USD,1.0
2023-06-02,EUR,1.1233
2023-06-02,GBP,1.4214
2023-06-02,RUB,78.8744
2023-06-03,USD,1.0
2023-06-03,EUR,1.0243
2023-06-03,GBP,0.9562
2023-06-03,RUB,88.5672
2023-06-04,USD,1.0
2023-06-04,EUR,1.0302
2023-06-04,GBP,1.3186
2023-06-04,RUB,81.2995
2023-06-05,USD,1.0
2023-06-05,EUR,1.1759
2023-06-05,GBP,1.1619
2023-06-05,RUB,60.1558
2023-06-06,USD,1.0
2023-06-06,EUR,0.8576
2023-06-06,GBP,1.3666
2023-06-06,RUB,85.6524
2023-06-07,USD,1.0
2023-06-07,EUR,0.8836
2023-06-07,GBP,0.923
2023-06-07,RUB,62.0924
2023-06-08,USD,1.0
2023-06-08,EUR,0.8462
2023-06-08,GBP,1.1649
2023-06-08,RUB,80.9867
2023-06-09,USD,1.0
2023-06-09,EUR,0.8238
2023-06-09,GBP,0.9571
2023-06-09,RUB,82.0334
2023-06-10,USD,1.0
2023-06-10,EUR,0.9368
2023-06-10,GBP,0.9328
2023-06-10,RUB,64.9426
2023-06-11,USD,1.0
2023-06-11,EUR,1.181
2023-06-11,GBP,0.8825
2023-06-11,RUB,79.7643
2023-06-12,USD,1.0
2023-06-12,EUR,0.8319
2023-06-12,GBP,0.9329
2023-06-12,RUB,74.7926
2023-06-13,USD,1.0
2023-06-13,EUR,1.1916
2023-06-13,GBP,1.1069
2023-06-13,RUB,60.4082
2023-06-14,USD,1.0
2023-06-14,EUR,1.0825
2023-06-14,GBP,1.4187
2023-06-14,RUB,80.7784
2023-06-15,USD,1.0
2023-06-15,EUR,0.8014
2023-06-15,GBP,0.7967
2023-06-15,RUB,65.6533
2023-06-16,USD,1.0
2023-06-16,EUR,1.1164
2023-06-16,GBP,1.2452
2023-06-16,RUB,85.5236
2023-06-17,USD,1.0
2023-06-17,EUR,0.8311
2023-06-17,GBP,1.2424
2023-06-17,RUB,65.0899
2023-06-18,USD,1.0
2023-06-18,EUR,0.819
2023-06-18,GBP,1.1025
2023-06-18,RUB,85.1324
2023-06-19,USD,1.0
2023-06-19,EUR,1.1856
2023-06-19,GBP,0.765
2023-06-19,RUB,71.149
2023-06-20,USD,1.0
2023-06-20,EUR,1.1671
2023-06-20,GBP,1.1378
2023-06-20,RUB,72.4609
2023-06-21,USD,1.0
2023-06-21,EUR,1.0537
2023-06-21,GBP,1.2726
2023-06-21,RUB,75.3819
2023-06-22,USD,1.0
2023-06-22,EUR,1.0272
2023-06-22,GBP,0.8318
2023-06-22,RUB,76.4691
2023-06-23,USD,1.0
2023-06-23,EUR,1.1555
2023-06-23,GBP,1.2568
2023-06-23,RUB,83.2428
2023-06-24,USD,1.0
2023-06-24,EUR,0.9199
2023-06-24,GBP,0.9361
2023-06-24,RUB,77.8627
2023-06-25,USD,1.0
2023-06-25,EUR,1.1714
2023-06-25,GBP,1.2896
2023-06-25,RUB,82.1442
2023-06-26,USD,1.0
2023-06-26,EUR,0.8158
2023-06-26,GBP,1.1395
2023-06-26,RUB,85.7949
2023-06-27,USD,1.0
2023-06-27,EUR,0.9014
2023-06-27,GBP,1.4852
2023-06-27,RUB,65.932
2023-06-28,USD,1.0
2023-06-28,EUR,0.8381
2023-06-28,GBP,1.2055
2023-06-28,RUB,74.6703
2023-06-29,USD,1.0
2023-06-29,EUR,0.8824
2023-06-29,GBP,0.9074
2023-06-29,RUB,66.8602
2023-06-30,USD,1.0
2023-06-30,EUR,1.0606
2023-06-30,GBP,1.3824
2023-06-30,RUB,63.1099
2023-07-01,USD,1.0
2023-07-01,EUR,0.9522
2023-07-01,GBP,1.2007
2023-07-01,RUB,87.9807
2023-07-02,USD,1.0
2023-07-02,EUR,1.1613
2023-07-02,GBP,1.4444
2023-07-02,RUB,69.5037
2023-07-03,USD,1.0
2023-07-03,EUR,0.8755
2023-07-03,GBP,1.3383
2023-07-03,RUB,64.3932
2023-07-04,USD,1.0
2023-07-04,EUR,0.8285
2023-07-04,GBP,1.4814
2023-07-04,RUB,72.8124
2023-07-05,USD,1.0
2023-07-05,EUR,1.1933
2023-07-05,GBP,1.3472
2023-07-05,RUB,86.7268
2023-07-06,USD,1.0
2023-07-06,EUR,1.0694
2023-07-06,GBP,1.0181
2023-07-06,RUB,78.7561
2023-07-07,USD,1.0
2023-07-07,EUR,0.8612
2023-07-07,GBP,1.2319
2023-07-07,RUB,65.0288
2023-07-08,USD,1.0
2023-07-08,EUR,0.8189
2023-07-08,GBP,1.2827
2023-07-08,RUB,88.2596
2023-07-09,USD,1.0
2023-07-09,EUR,1.1404
2023-07-09,GBP,0.9194
2023-07-09,RUB,62.5697
2023-07-10,USD,1.0
2023-07-10,EUR,1.0973
2023-07-10,GBP,1.1401
2023-07-10,RUB,88.601
2023-07-11,USD,1.0
2023-07-11,EUR,0.9648
2023-07-11,GBP,1.4044
2023-07-11,RUB,71.0036
2023-07-12,USD,1.0
2023-07-12,EUR,0.8096
2023-07-12,GBP,1.3444
2023-07-12,RUB,78.5069
2023-07-13,USD,1.0
2023-07-13,EUR,0.8792
2023-07-13,GBP,1.4033
2023-07-13,RUB,80.8761
2023-07-14,USD,1.0
2023-07-14,EUR,1.0026
2023-07-14,GBP,0.8919
2023-07-14,RUB,85.3127
2023-07-15,USD,1.0
2023-07-15,EUR,0.9458
2023-07-15,GBP,0.886
2023-07-15,RUB,76.7524
2023-07-16,USD,1.0
2023-07-16,EUR,0.8697
2023-07-16,GBP,1.1738
2023-07-16,RUB,83.7668
2023-07-17,USD,1.0
2023-07-17,EUR,1.1986
2023-07-17,GBP,1.2974
2023-07-17,RUB,77.7642
2023-07-18,USD,1.0
2023-07-18,EUR,1.1923
2023-07-18,GBP,1.1974
2023-07-18,RUB,64.6233
2023-07-19,USD,1.0
2023-07-19,EUR,0.8283
2023-07-19,GBP,0.7352
2023-07-19,RUB,62.1505
2023-07-20,USD,1.0
2023-07-20,EUR,1.0138
2023-07-20,GBP,0.7719
2023-07-20,RUB,65.3702
2023-07-21,USD,1.0
2023-07-21,EUR,0.9868
2023-07-21,GBP,1.0663
2023-07-21,RUB,75.8051
2023-07-22,USD,1.0
2023-07-22,EUR,0.8421
2023-07-22,GBP,0.7529
2023-07-22,RUB,60.1367
2023-07-23,USD,1.0
2023-07-23,EUR,1.0717
2023-07-23,GBP,1.2059
2023-07-23,RUB,85.0863
2023-07-24,USD,1.0
2023-07-24,EUR,1.0717
2023-07-24,GBP,0.8311
2023-07-24,RUB,85.3716
2023-07-25,USD,1.0
2023-07-25,EUR,0.9434
2023-07-25,GBP,1.212
2023-07-25,RUB,75.8061
2023-07-26,USD,1.0
2023-07-26,EUR,0.8601
2023-07-26,GBP,1.0067
2023-07-26,RUB,73.0585
2023-07-27,USD,1.0
2023-07-27,EUR,1.0889
2023-07-27,GBP,1.1424
2023-07-27,RUB,86.0813
2023-07-28,USD,1.0
2023-07-28,EUR,0.9509
2023-07-28,GBP,1.2226
2023-07-28,RUB,86.7467
2023-07-29,USD,1.0
2023-07-29,EUR,1.103
2023-07-29,GBP,0.7851
2023-07-29,RUB,85.2866
2023-07-30,USD,1.0
2023-07-30,EUR,1.125
2023-07-30,GBP,1.05
2023-07-30,RUB,77.7771
2023-07-31,USD,1.0
2023-07-31,EUR,1.0212
2023-07-31,GBP,1.0941
2023-07-31,RUB,79.1489
2023-08-01,USD,1.0
2023-08-01,EUR,0.8648
2023-08-01,GBP,0.7315
2023-08-01,RUB,80.5422
2023-08-02,USD,1.0
2023-08-02,EUR,0.9345
2023-08-02,GBP,0.9784
2023-08-02,RUB,86.8832
2023-08-03,USD,1.0
2023-08-03,EUR,0.9056
2023-08-03,GBP,1.321
2023-08-03,RUB,60.453
2023-08-04,USD,1.0
2023-08-04,EUR,0.8804
2023-08-04,GBP,1.4243
2023-08-04,RUB,89.6458
2023-08-05,USD,1.0
2023-08-05,EUR,0.8984
2023-08-05,GBP,0.9662
2023-08-05,RUB,86.2612
2023-08-06,USD,1.0
2023-08-06,EUR,0.9488
2023-08-06,GBP,1.3206
2023-08-06,RUB,86.6101
2023-08-07,USD,1.0
2023-08-07,EUR,1.0319
2023-08-07,GBP,1.0989
2023-08-07,RUB,69.4925
2023-08-08,USD,1.0
2023-08-08,EUR,0.8934
2023-08-08,GBP,1.1681
2023-08-08,RUB,89.523
2023-08-09,USD,1.0
2023-08-09,EUR,1.1144
2023-08-09,GBP,0.7339
2023-08-09,RUB,78.6889
2023-08-10,USD,1.0
2023-08-10,EUR,1.1716
2023-08-10,GBP,1.4254
2023-08-10,RUB,69.4071
2023-08-11,USD,1.0
2023-08-11,EUR,1.0563
2023-08-11,GBP,1.1266
2023-08-11,RUB,63.5753
2023-08-12,USD,1.0
2023-08-12,EUR,1.0061
2023-08-12,GBP,1.4254
2023-08-12,RUB,74.0889
2023-08-13,USD,1.0
2023-08-13,EUR,1.0642
2023-08-13,GBP,1.159
2023-08-13,RUB,65.0296
2023-08-14,USD,1.0
2023-08-14,EUR,1.1424
2023-08-14,GBP,0.818
2023-08-14,RUB,68.3321
2023-08-15,USD,1.0
2023-08-15,EUR,0.8235
2023-08-15,GBP,1.2834
2023-08-15,RUB,72.8018
2023-08-16,USD,1.0
2023-08-16,EUR,0.9864
2023-08-16,GBP,1.0367
2023-08-16,RUB,62.078
2023-08-17,USD,1.0
2023-08-17,EUR,1.0136
2023-08-17,GBP,0.7412
2023-08-17,RUB,86.092
2023-08-18,USD,1.0
2023-08-18,EUR,0.9726
2023-08-18,GBP,1.14
2023-08-18,RUB,86.5757
2023-08-19,USD,1.0
2023-08-19,EUR,0.8124
2023-08-19,GBP,1.393
2023-08-19,RUB,72.4697
2023-08-20,USD,1.0
2023-08-20,EUR,0.955
2023-08-20,GBP,1.3869
2023-08-20,RUB,84.8843
2023-08-21,USD,1.0
2023-08-21,EUR,1.1654
2023-08-21,GBP,0.8223
2023-08-21,RUB,79.1219
2023-08-22,USD,1.0
2023-08-22,EUR,1.1171
2023-08-22,GBP,1.0122
2023-08-22,RUB,83.264
2023-08-23,USD,1.0
2023-08-23,EUR,0.8717
2023-08-23,GBP,1.0153
2023-08-23,RUB,72.552
2023-08-24,USD,1.0
2023-08-24,EUR,0.8354
2023-08-24,GBP,0.942
2023-08-24,RUB,66.3857
2023-08-25,USD,1.0
2023-08-25,EUR,1.0631
2023-08-25,GBP,1.486
2023-08-25,RUB,60.9674
2023-08-26,USD,1.0
2023-08-26,EUR,1.0983
2023-08-26,GBP,0.773
2023-08-26,RUB,70.3836
2023-08-27,USD,1.0
2023-08-27,EUR,1.016
2023-08-27,GBP,0.9956
2023-08-27,RUB,77.2681
2023-08-28,USD,1.0
2023-08-28,EUR,0.8978
2023-08-28,GBP,0.8956
2023-08-28,RUB,72.5605
2023-08-29,USD,1.0
2023-08-29,EUR,0.8652
2023-08-29,GBP,1.474
2023-08-29,RUB,65.3837
2023-08-30,USD,1.0
2023-08-30,EUR,0.8768
2023-08-30,GBP,1.131
2023-08-30,RUB,75.8218
2023-08-31,USD,1.0
2023-08-31,EUR,0.9139
2023-08-31,GBP,1.3871
2023-08-31,RUB,75.9626
2023-09-01,USD,1.0
2023-09-01,EUR,1.1023
2023-09-01,GBP,1.4547
2023-09-01,RUB,67.4544
2023-09-02,USD,1.0
2023-09-02,EUR,0.9631
2023-09-02,GBP,1.278
2023-09-02,RUB,66.6165
2023-09-03,USD,1.0
2023-09-03,EUR,1.1567
2023-09-03,GBP,1.1021
2023-09-03,RUB,73.8766
2023-09-04,USD,1.0
2023-09-04,EUR,1.0384
2023-09-04,GBP,1.3734
2023-09-04,RUB,63.8992
2023-09-05,USD,1.0
2023-09-05,EUR,1.0117
2023-09-05,GBP,1.0503
2023-09-05,RUB,78.0528
2023-09-06,USD,1.0
2023-09-06,EUR,1.089
2023-09-06,GBP,1.3965
2023-09-06,RUB,65.7068
2023-09-07,USD,1.0
2023-09-07,EUR,1.0405
2023-09-07,GBP,1.2687
2023-09-07,RUB,83.9713
2023-09-08,USD,1.0
2023-09-08,EUR,0.8858
2023-09-08,GBP,0.8497
2023-09-08,RUB,63.2581
2023-09-09,USD,1.0
2023-09-09,EUR,1.1948
2023-09-09,GBP,0.8406
2023-09-09,RUB,65.1029
2023-09-10,USD,1.0
2023-09-10,EUR,1.1575
2023-09-10,GBP,1.2807
2023-09-10,RUB,72.7258
2023-09-11,USD,1.0
2023-09-11,EUR,0.8272
2023-09-11,GBP,1.2092
2023-09-11,RUB,87.6626
2023-09-12,USD,1.0
2023-09-12,EUR,1.1022
2023-09-12,GBP,1.1159
2023-09-12,RUB,85.761
2023-09-13,USD,1.0
2023-09-13,EUR,0.8671
2023-09-13,GBP,1.1884
2023-09-13,RUB,83.4839
2023-09-14,USD,1.0
2023-09-14,EUR,0.968
2023-09-14,GBP,1.3719
2023-09-14,RUB,81.8039
2023-09-15,USD,1.0
2023-09-15,EUR,1.0747
2023-09-15,GBP,0.9722
2023-09-15,RUB,84.6744
2023-09-16,USD,1.0
2023-09-16,EUR,0.9749
2023-09-16,GBP,1.394
2023-09-16,RUB,62.9537
2023-09-17,USD,1.0
2023-09-17,EUR,1.1982
2023-09-17,GBP,1.2976
2023-09-17,RUB,88.0487
2023-09-18,USD,1.0
2023-09-18,EUR,0.9587
2023-09-18,GBP,0.9718
2023-09-18,RUB,89.4922
2023-09-19,USD,1.0
2023-09-19,EUR,1.0358
2023-09-19,GBP,1.1818
2023-09-19,RUB,65.3468
2023-09-20,USD,1.0
2023-09-20,EUR,1.1262
2023-09-20,GBP,0.9026
2023-09-20,RUB,61.9643
2023-09-21,USD,1.0
2023-09-21,EUR,0.9306
2023-09-21,GBP,1.2043
2023-09-21,RUB,70.1524
2023-09-22,USD,1.0
2023-09-22,EUR,1.0412
2023-09-22,GBP,0.8659
2023-09-22,RUB,64.4529
2023-09-23,USD,1.0
2023-09-23,EUR,0.9511
2023-09-23,GBP,1.4638
2023-09-23,RUB,61.8465
2023-09-24,USD,1.0
2023-09-24,EUR,1.148
2023-09-24,GBP,1.3436
2023-09-24,RUB,85.463
2023-09-25,USD,1.0
2023-09-25,EUR,0.9312
2023-09-25,GBP,0.7386
2023-09-25,RUB,87.7939
2023-09-26,USD,1.0
2023-09-26,EUR,0.8384
2023-09-26,GBP,0.7649
2023-09-26,RUB,83.5161
2023-09-27,USD,1.0
2023-09-27,EUR,1.0532
2023-09-27,GBP,1.2506
2023-09-27,RUB,85.1808
2023-09-28,USD,1.0
2023-09-28,EUR,1.1174
2023-09-28,GBP,0.7553
2023-09-28,RUB,86.6191
2023-09-29,USD,1.0
2023-09-29,EUR,0.9346
2023-09-29,GBP,0.8481
2023-09-29,RUB,64.4454
2023-09-30,USD,1.0
2023-09-30,EUR,0.8282
2023-09-30,GBP,0.9369
2023-09-30,RUB,71.7628
2023-10-01,USD,1.0
2023-10-01,EUR,0.8617
2023-10-01,GBP,0.9209
2023-10-01,RUB,69.8559
2023-10-02,USD,1.0
2023-10-02,EUR,0.8098
2023-10-02,GBP,0.8602
2023-10-02,RUB,61.1465
2023-10-03,USD,1.0
2023-10-03,EUR,0.9598
2023-10-03,GBP,1.3583
2023-10-03,RUB,66.4648
2023-10-04,USD,1.0
2023-10-04,EUR,0.9146
2023-10-04,GBP,0.7393
2023-10-04,RUB,72.7548
2023-10-05,USD,1.0
2023-10-05,EUR,0.8753
2023-10-05,GBP,0.8281
2023-10-05,RUB,77.341
2023-10-06,USD,1.0
2023-10-06,EUR,1.0562
2023-10-06,GBP,1.0317
2023-10-06,RUB,88.3377
2023-10-07,USD,1.0
2023-10-07,EUR,1.1975
2023-10-07,GBP,1.2201
2023-10-07,RUB,62.4011
2023-10-08,USD,1.0
2023-10-08,EUR,0.9732
2023-10-08,GBP,1.3669
2023-10-08,RUB,86.2216
2023-10-09,USD,1.0
2023-10-09,EUR,0.8119
2023-10-09,GBP,0.9162
2023-10-09,RUB,70.3937
2023-10-10,USD,1.0
2023-10-10,EUR,0.909
2023-10-10,GBP,0.7623
2023-10-10,RUB,61.2146
2023-10-11,USD,1.0
2023-10-11,EUR,0.9083
2023-10-11,GBP,1.4571
2023-10-11,RUB,82.5417
2023-10-12,USD,1.0
2023-10-12,EUR,0.9162
2023-10-12,GBP,1.426
2023-10-12,RUB,73.066
2023-10-13,USD,1.0
2023-10-13,EUR,0.9426
2023-10-13,GBP,0.9872
2023-10-13,RUB,69.1346
2023-10-14,USD,1.0
2023-10-14,EUR,0.8045
2023-10-14,GBP,1.2383
2023-10-14,RUB,70.6692
2023-10-15,USD,1.0
2023-10-15,EUR,1.0108
2023-10-15,GBP,1.013
2023-10-15,RUB,86.8741
2023-10-16,USD,1.0
2023-10-16,EUR,1.066
2023-10-16,GBP,0.7821
2023-10-16,RUB,89.7469
2023-10-17,USD,1.0
2023-10-17,EUR,1.0477
2023-10-17,GBP,1.2955
2023-10-17,RUB,61.6575
2023-10-18,USD,1.0
2023-10-18,EUR,1.0207
2023-10-18,GBP,1.4257
2023-10-18,RUB,84.4697
2023-10-19,USD,1.0
2023-10-19,EUR,0.8542
2023-10-19,GBP,1.1466
2023-10-19,RUB,66.4349
2023-10-20,USD,1.0
2023-10-20,EUR,0.8934
2023-10-20,GBP,1.4661
2023-10-20,RUB,81.8248
2023-10-21,USD,1.0
2023-10-21,EUR,1.0467
2023-10-21,GBP,1.3789
2023-10-21,RUB,62.8209
2023-10-22,USD,1.0
2023-10-22,EUR,0.9562
2023-10-22,GBP,0.8547
2023-10-22,RUB,65.5736
2023-10-23,USD,1.0
2023-10-23,EUR,0.9292
2023-10-23,GBP,1.2887
2023-10-23,RUB,82.1792
2023-10-24,USD,1.0
2023-10-24,EUR,0.9655
2023-10-24,GBP,0.9167
2023-10-24,RUB,83.8756
2023-10-25,USD,1.0
2023-10-25,EUR,0.93
2023-10-25,GBP,1.4605
2023-10-25,RUB,82.5691
2023-10-26,USD,1.0
2023-10-26,EUR,0.9054
2023-10-26,GBP,1.3216
2023-10-26,RUB,69.1455
2023-10-27,USD,1.0
2023-10-27,EUR,1.0189
2023-10-27,GBP,1.2797
2023-10-27,RUB,68.1319
2023-10-28,USD,1.0
2023-10-28,EUR,0.9024
2023-10-28,GBP,0.9074
2023-10-28,RUB,64.4805
2023-10-29,USD,1.0
2023-10-29,EUR,1.1557
2023-10-29,GBP,1.029
2023-10-29,RUB,68.704
2023-10-30,USD,1.0
2023-10-30,EUR,0.8197
2023-10-30,GBP,0.7245
2023-10-30,RUB,61.1395
2023-10-31,USD,1.0
2023-10-31,EUR,0.9379
2023-10-31,GBP,0.9937
2023-10-31,RUB,78.4877
2023-11-01,USD,1.0
2023-11-01,EUR,0.9234
2023-11-01,GBP,1.369
2023-11-01,RUB,86.4164
2023-11-02,USD,1.0
2023-11-02,EUR,0.9268
2023-11-02,GBP,1.4758
2023-11-02,RUB,71.2903
2023-11-03,USD,1.0
2023-11-03,EUR,0.813
2023-11-03,GBP,0.9229
2023-11-03,RUB,66.602
2023-11-04,USD,1.0
2023-11-04,EUR,0.8338
2023-11-04,GBP,1.4436
2023-11-04,RUB,77.0171
2023-11-05,USD,1.0
2023-11-05,EUR,0.9196
2023-11-05,GBP,0.9753
2023-11-05,RUB,77.9115
2023-11-06,USD,1.0
2023-11-06,EUR,1.1437
2023-11-06,GBP,0.7184
2023-11-06,RUB,74.8572
2023-11-07,USD,1.0
2023-11-07,EUR,0.951
2023-11-07,GBP,1.2952
2023-11-07,RUB,67.3757
2023-11-08,USD,1.0
2023-11-08,EUR,0.8106
2023-11-08,GBP,1.3903
2023-11-08,RUB,65.268
2023-11-09,USD,1.0
2023-11-09,EUR,0.9713
2023-11-09,GBP,0.7818
2023-11-09,RUB,76.1496
2023-11-10,USD,1.0
2023-11-10,EUR,1.1831
2023-11-10,GBP,0.8982
2023-11-10,RUB,89.8704
2023-11-11,USD,1.0
2023-11-11,EUR,1.1341
2023-11-11,GBP,0.9543
2023-11-11,RUB,78.083
2023-11-12,USD,1.0
2023-11-12,EUR,0.8025
2023-11-12,GBP,1.1459
2023-11-12,RUB,70.1385
2023-11-13,USD,1.0
2023-11-13,EUR,0.8384
2023-11-13,GBP,1.0229
2023-11-13,RUB,79.088
2023-11-14,USD,1.0
2023-11-14,EUR,1.1627
2023-11-14,GBP,1.258
2023-11-14,RUB,63.3003
2023-11-15,USD,1.0
2023-11-15,EUR,0.9771
2023-11-15,GBP,1.3746
2023-11-15,RUB,82.7437
2023-11-16,USD,1.0
2023-11-16,EUR,1.1046
2023-11-16,GBP,1.1016
2023-11-16,RUB,65.3891
2023-11-17,USD,1.0
2023-11-17,EUR,0.8076
2023-11-17,GBP,1.1862
2023-11-17,RUB,75.162
2023-11-18,USD,1.0
2023-11-18,EUR,1.0896
2023-11-18,GBP,1.3641
2023-11-18,RUB,75.3911
2023-11-19,USD,1.0
2023-11-19,EUR,1.1179
2023-11-19,GBP,0.7196
2023-11-19,RUB,81.4315
2023-11-20,USD,1.0
2023-11-20,EUR,0.9531
2023-11-20,GBP,1.2524
2023-11-20,RUB,89.7279
2023-11-21,USD,1.0
2023-11-21,EUR,0.9641
2023-11-21,GBP,0.9788
2023-11-21,RUB,89.4717
2023-11-22,USD,1.0
2023-11-22,EUR,0.8328
2023-11-22,GBP,0.7257
2023-11-22,RUB,63.7864
2023-11-23,USD,1.0
2023-11-23,EUR,1.0872
2023-11-23,GBP,1.3217
2023-11-23,RUB,65.9241
2023-11-24,USD,1.0
2023-11-24,EUR,0.8493
2023-11-24,GBP,0.8558
2023-11-24,RUB,72.5055
2023-11-25,USD,1.0
2023-11-25,EUR,1.0032
2023-11-25,GBP,1.2732
2023-11-25,RUB,81.4737
2023-11-26,USD,1.0
2023-11-26,EUR,1.0428
2023-11-26,GBP,1.4223
2023-11-26,RUB,61.3748
2023-11-27,USD,1.0
2023-11-27,EUR,1.1171
2023-11-27,GBP,1.1195
2023-11-27,RUB,75.7929
2023-11-28,USD,1.0
2023-11-28,EUR,1.1289
2023-11-28,GBP,1.0481
2023-11-28,RUB,76.6365
2023-11-29,USD,1.0
2023-11-29,EUR,1.0713
2023-11-29,GBP,1.1691
2023-11-29,RUB,72.5864
2023-11-30,USD,1.0
2023-11-30,EUR,0.9223
2023-11-30,GBP,1.1038
2023-11-30,RUB,61.7807
2023-12-01,USD,1.0
2023-12-01,EUR,1.0422
2023-12-01,GBP,1.1835
2023-12-01,RUB,66.3061
2023-12-02,USD,1.0
2023-12-02,EUR,0.9826
2023-12-02,GBP,0.7065
2023-12-02,RUB,73.5733
2023-12-03,USD,1.0
2023-12-03,EUR,0.9681
2023-12-03,GBP,1.1893
2023-12-03,RUB,64.8996
2023-12-04,USD,1.0
2023-12-04,EUR,0.9155
2023-12-04,GBP,1.3161
2023-12-04,RUB,88.53
2023-12-05,USD,1.0
2023-12-05,EUR,1.1865
2023-12-05,GBP,1.4304
2023-12-05,RUB,88.1948
2023-12-06,USD,1.0
2023-12-06,EUR,0.8474
2023-12-06,GBP,0.7779
2023-12-06,RUB,74.3608
2023-12-07,USD,1.0
2023-12-07,EUR,1.0182
2023-12-07,GBP,0.7305
2023-12-07,RUB,81.2905
2023-12-08,USD,1.0
2023-12-08,EUR,0.8078
2023-12-08,GBP,1.3509
2023-12-08,RUB,72.0644
2023-12-09,USD,1.0
2023-12-09,EUR,0.8454
2023-12-09,GBP,1.4346
2023-12-09,RUB,82.9909
2023-12-10,USD,1.0
2023-12-10,EUR,0.828
2023-12-10,GBP,1.2547
2023-12-10,RUB,62.3289
2023-12-11,USD,1.0
2023-12-11,EUR,0.8515
2023-12-11,GBP,1.2347
2023-12-11,RUB,62.3025
2023-12-12,USD,1.0
2023-12-12,EUR,1.0251
2023-12-12,GBP,1.1389
2023-12-12,RUB,88.0724
2023-12-13,USD,1.0
2023-12-13,EUR,1.1947
2023-12-13,GBP,0.9212
2023-12-13,RUB,60.4161
2023-12-14,USD,1.0
2023-12-14,EUR,1.1762
2023-12-14,GBP,1.4621
2023-12-14,RUB,69.7467
2023-12-15,USD,1.0
2023-12-15,EUR,0.8385
2023-12-15,GBP,0.9809
2023-12-15,RUB,78.9643
2023-12-16,USD,1.0
2023-12-16,EUR,1.0275
2023-12-16,GBP,1.1574
2023-12-16,RUB,81.0849
2023-12-17,USD,1.0
2023-12-17,EUR,0.9395
2023-12-17,GBP,1.3977
2023-12-17,RUB,78.8862
2023-12-18,USD,1.0
2023-12-18,EUR,1.1942
2023-12-18,GBP,1.123
2023-12-18,RUB,87.0737
2023-12-19,USD,1.0
2023-12-19,EUR,0.8586
2023-12-19,GBP,1.3861
2023-12-19,RUB,71.508
2023-12-20,USD,1.0
2023-12-20,EUR,0.9424
2023-12-20,GBP,0.83
2023-12-20,RUB,86.0498
2023-12-21,USD,1.0
2023-12-21,EUR,1.0602
2023-12-21,GBP,1.1386
2023-12-21,RUB,68.3649
2023-12-22,USD,1.0
2023-12-22,EUR,0.9315
2023-12-22,GBP,1.1611
2023-12-22,RUB,87.4974
2023-12-23,USD,1.0
2023-12-23,EUR,1.0821
2023-12-23,GBP,1.3212
2023-12-23,RUB,65.412
2023-12-24,USD,1.0
2023-12-24,EUR,0.9267
2023-12-24,GBP,1.4442
2023-12-24,RUB,66.4526
2023-12-25,USD,1.0
2023-12-25,EUR,0.834
2023-12-25,GBP,1.3948
2023-12-25,RUB,74.0611
2023-12-26,USD,1.0
2023-12-26,EUR,1.0332
2023-12-26,GBP,0.8724
2023-12-26,RUB,86.2319
2023-12-27,USD,1.0
2023-12-27,EUR,0.8044
2023-12-27,GBP,1.0617
2023-12-27,RUB,66.2044
2023-12-28,USD,1.0
2023-12-28,EUR,0.8251
2023-12-28,GBP,0.8639
2023-12-28,RUB,67.8626
2023-12-29,USD,1.0
2023-12-29,EUR,0.8256
2023-12-29,GBP,1.0571
2023-12-29,RUB,69.4477
2023-12-30,USD,1.0
2023-12-30,EUR,1.0124
2023-12-30,GBP,0.9762
2023-12-30,RUB,68.1789
2023-12-31,USD,1.0
2023-12-31,EUR,0.9302
2023-12-31,GBP,0.852
2023-12-31,RUB,89.675
2024-01-01,USD,1.0
2024-01-01,EUR,0.9445
2024-01-01,GBP,1.303
2024-01-01,RUB,63.3925
2024-01-02,USD,1.0
2024-01-02,EUR,1.1192
2024-01-02,GBP,1.3141
2024-01-02,RUB,73.2485
2024-01-03,USD,1.0
2024-01-03,EUR,1.0143
2024-01-03,GBP,1.3624
2024-01-03,RUB,73.2215
2024-01-04,USD,1.0
2024-01-04,EUR,0.9512
2024-01-04,GBP,1.3561
2024-01-04,RUB,85.3099
2024-01-05,USD,1.0
2024-01-05,EUR,1.1395
2024-01-05,GBP,1.3309
2024-01-05,RUB,85.5326
2024-01-06,USD,1.0
2024-01-06,EUR,0.8116
2024-01-06,GBP,0.9617
2024-01-06,RUB,81.0791
2024-01-07,USD,1.0
2024-01-07,EUR,1.1506
2024-01-07,GBP,0.9313
2024-01-07,RUB,67.3892
2024-01-08,USD,1.0
2024-01-08,EUR,0.8169
2024-01-08,GBP,1.4357
2024-01-08,RUB,83.8894
2024-01-09,USD,1.0
2024-01-09,EUR,0.9947
2024-01-09,GBP,1.3256
2024-01-09,RUB,61.0701
2024-01-10,USD,1.0
2024-01-10,EUR,1.0769
2024-01-10,GBP,0.7982
2024-01-10,RUB,81.1565
2024-01-11,USD,1.0
2024-01-11,EUR,1.1594
2024-01-11,GBP,0.9282
2024-01-11,RUB,75.1073
2024-01-12,USD,1.0
2024-01-12,EUR,0.9525
2024-01-12,GBP,0.7698
2024-01-12,RUB,81.5408
2024-01-13,USD,1.0
2024-01-13,EUR,1.1572
2024-01-13,GBP,1.2698
2024-01-13,RUB,73.0813
2024-01-14,USD,1.0
2024-01-14,EUR,1.0452
2024-01-14,GBP,0.8442
2024-01-14,RUB,83.8363
2024-01-15,USD,1.0
2024-01-15,EUR,1.1591
2024-01-15,GBP,1.3934
2024-01-15,RUB,68.9291
2024-01-16,USD,1.0
2024-01-16,EUR,1.0654
2024-01-16,GBP,1.2393
2024-01-16,RUB,74.9046
2024-01-17,USD,1.0
2024-01-17,EUR,0.8136
2024-01-17,GBP,1.4942
2024-01-17,RUB,67.928
2024-01-18,USD,1.0
2024-01-18,EUR,0.8511
2024-01-18,GBP,1.3138
2024-01-18,RUB,89.9935
2024-01-19,USD,1.0
2024-01-19,EUR,1.1235
2024-01-19,GBP,1.2142
2024-01-19,RUB,80.9305
2024-01-20,USD,1.0
2024-01-20,EUR,0.8687
2024-01-20,GBP,0.8866
2024-01-20,RUB,64.7717
2024-01-21,USD,1.0
2024-01-21,EUR,0.9415
2024-01-21,GBP,0.7394
2024-01-21,RUB,89.3677
2024-01-22,USD,1.0
2024-01-22,EUR,0.8239
2024-01-22,GBP,1.0907
2024-01-22,RUB,66.5439
2024-01-23,USD,1.0
2024-01-23,EUR,0.9869
2024-01-23,GBP,0.9519
2024-01-23,RUB,82.4598
2024-01-24,USD,1.0
2024-01-24,EUR,1.1688
2024-01-24,GBP,1.045
2024-01-24,RUB,80.2093
2024-01-25,USD,1.0
2024-01-25,EUR,1.0779
2024-01-25,GBP,0.8277
2024-01-25,RUB,89.2584
2024-01-26,USD,1.0
2024-01-26,EUR,1.1459
2024-01-26,GBP,1.2682
2024-01-26,RUB,88.3203
2024-01-27,USD,1.0
2024-01-27,EUR,1.0558
2024-01-27,GBP,1.2309
2024-01-27,RUB,84.5536
2024-01-28,USD,1.0
2024-01-28,EUR,0.9081
2024-01-28,GBP,1.0546
2024-01-28,RUB,64.1354
2024-01-29,USD,1.0
2024-01-29,EUR,0.9984
2024-01-29,GBP,1.4866
2024-01-29,RUB,82.3062
2024-01-30,USD,1.0
2024-01-30,EUR,1.1368
2024-01-30,GBP,1.2464
2024-01-30,RUB,88.7379
2024-01-31,USD,1.0
2024-01-31,EUR,0.9737
2024-01-31,GBP,0.903
2024-01-31,RUB,77.2528
2024-02-01,USD,1.0
2024-02-01,EUR,1.1687
2024-02-01,GBP,0.914
2024-02-01,RUB,76.5813
2024-02-02,USD,1.0
2024-02-02,EUR,0.9001
2024-02-02,GBP,1.1617
2024-02-02,RUB,75.078
2024-02-03,USD,1.0
2024-02-03,EUR,0.9829
2024-02-03,GBP,1.1802
2024-02-03,RUB,68.409
2024-02-04,USD,1.0
2024-02-04,EUR,0.8983
2024-02-04,GBP,0.9092
2024-02-04,RUB,61.7315
2024-02-05,USD,1.0
2024-02-05,EUR,0.9106
2024-02-05,GBP,1.2533
2024-02-05,RUB,65.1437
2024-02-06,USD,1.0
2024-02-06,EUR,1.1558
2024-02-06,GBP,0.7112
2024-02-06,RUB,74.3681
2024-02-07,USD,1.0
2024-02-07,EUR,1.1675
2024-02-07,GBP,1.1575
2024-02-07,RUB,80.2921
2024-02-08,USD,1.0
2024-02-08,EUR,1.1622
2024-02-08,GBP,1.3331
2024-02-08,RUB,65.603
2024-02-09,USD,1.0
2024-02-09,EUR,0.9196
2024-02-09,GBP,0.7396
2024-02-09,RUB,71.4155
2024-02-10,USD,1.0
2024-02-10,EUR,1.0825
2024-02-10,GBP,1.1564
2024-02-10,RUB,77.4453
2024-02-11,USD,1.0
2024-02-11,EUR,1.156
2024-02-11,GBP,1.4786
2024-02-11,RUB,82.4263
2024-02-12,USD,1.0
2024-02-12,EUR,1.1456
2024-02-12,GBP,1.3153
2024-02-12,RUB,72.4608
2024-02-13,USD,1.0
2024-02-13,EUR,1.1006
2024-02-13,GBP,1.4499
2024-02-13,RUB,61.0646
2024-02-14,USD,1.0
2024-02-14,EUR,0.8012
2024-02-14,GBP,1.0389
2024-02-14,RUB,78.1093
2024-02-15,USD,1.0
2024-02-15,EUR,0.8648
2024-02-15,GBP,0.758
2024-02-15,RUB,73.448
2024-02-16,USD,1.0
2024-02-16,EUR,0.9276
2024-02-16,GBP,1.2706
2024-02-16,RUB,76.4541
2024-02-17,USD,1.0
2024-02-17,EUR,0.9835
2024-02-17,GBP,1.4562
2024-02-17,RUB,74.2895
2024-02-18,USD,1.0
2024-02-18,EUR,0.8385
2024-02-18,GBP,1.3309
2024-02-18,RUB,80.9648
2024-02-19,USD,1.0
2024-02-19,EUR,0.8502
2024-02-19,GBP,1.1796
2024-02-19,RUB,72.4114
2024-02-20,USD,1.0
2024-02-20,EUR,0.9727
2024-02-20,GBP,0.8687
2024-02-20,RUB,83.4134
2024-02-21,USD,1.0
2024-02-21,EUR,0.921
2024-02-21,GBP,1.1278
2024-02-21,RUB,68.9938
2024-02-22,USD,1.0
2024-02-22,EUR,1.1908
2024-02-22,GBP,1.0832
2024-02-22,RUB,74.7973
2024-02-23,USD,1.0
2024-02-23,EUR,0.8849
2024-02-23,GBP,0.9019
2024-02-23,RUB,79.0496
2024-02-24,USD,1.0
2024-02-24,EUR,1.0328
2024-02-24,GBP,0.9441
2024-02-24,RUB,75.2639
2024-02-25,USD,1.0
2024-02-25,EUR,1.1044
2024-02-25,GBP,0.9817
2024-02-25,RUB,75.0284
2024-02-26,USD,1.0
2024-02-26,EUR,1.0548
2024-02-26,GBP,0.8028
2024-02-26,RUB,84.776
2024-02-27,USD,1.0
2024-02-27,EUR,0.8307
2024-02-27,GBP,0.7079
2024-02-27,RUB,77.5311
2024-02-28,USD,1.0
2024-02-28,EUR,0.8559
2024-02-28,GBP,1.2136
2024-02-28,RUB,87.698
2024-02-29,USD,1.0
2024-02-29,EUR,1.0543
2024-02-29,GBP,1.3701
2024-02-29,RUB,78.3862
2024-03-01,USD,1.0
2024-03-01,EUR,1.0923
2024-03-01,GBP,1.4325
2024-03-01,RUB,77.962
