id,player_id,withdrawal_date,provider_id,amount,currency
1,3,2024-02-20,1,885.51,USD
2,903,2023-08-12,1,59.76,USD
3,525,2023-08-31,3,222.66,USD
4,462,2024-02-25,1,452.18,RUB
5,754,2023-06-12,1,189.44,RUB
6,417,2023-02-01,3,835.68,EUR
7,722,2023-12-17,1,385.44,GBP
8,546,2023-06-21,10,740.36,GBP
9,426,2023-09-28,7,242.59,EUR
10,846,2023-09-02,4,319.38,RUB
11,950,2023-07-25,3,515.95,USD
12,3,2023-02-22,8,722.77,USD
13,584,2023-01-28,5,413.55,RUB
14,383,2024-01-20,6,259.35,GBP
15,404,2023-04-14,2,511.72,USD
16,44,2023-01-10,8,112.13,EUR
17,160,2023-05-04,4,405.64,EUR
18,950,2023-07-29,1,311.16,USD
19,418,2023-01-13,5,794.2,RUB
20,977,2023-11-20,6,497.07,EUR
21,698,2023-10-05,8,11.23,RUB
22,749,2023-02-19,3,995.24,RUB
23,56,2023-05-27,5,154.73,GBP
24,83,2023-05-11,8,262.43,GBP
25,156,2023-08-14,2,352.56,GBP
26,202,2023-12-11,10,893.92,EUR
27,575,2023-10-28,1,840.5,USD
28,136,2023-11-09,7,315.77,EUR
29,78,2023-05-05,3,990.5,EUR
30,281,2023-09-24,7,683.11,USD
31,780,2023-03-19,6,688.24,EUR
32,92,2024-02-23,10,412.01,GBP
33,215,2023-05-10,7,130.53,RUB
34,237,2023-06-19,6,177.44,EUR
35,810,2024-01-03,2,896.44,GBP
36,874,2023-10-17,4,552.23,EUR
37,538,2023-12-11,7,110.07,USD
38,743,2023-08-15,3,218.02,RUB
39,138,2023-01-18,7,42.55,EUR
40,643,2023-03-12,1,166.57,RUB
41,724,2023-08-08,6,461.19,EUR
42,277,2023-12-10,2,14.38,RUB
43,951,2024-01-30,5,575.32,RUB
44,779,2023-03-03,3,548.55,EUR
45,416,2023-02-18,8,221.37,GBP
46,85,2023-06-29,10,935.39,EUR
47,517,2024-01-28,5,439.78,EUR
48,931,2023-05-07,5,887.39,RUB
49,246,2023-08-05,1,430.0,RUB
50,771,2023-01-12,1,866.62,EUR
51,231,2023-08-29,2,265.94,EUR
52,474,2023-08-20,8,900.45,RUB
53,403,2023-03-10,4,889.91,EUR
54,296,2023-02-26,6,852.92,RUB
55,1000,2023-07-29,8,907.69,USD
56,998,2024-01-05,1,177.12,GBP
57,304,2024-01-03,7,146.42,USD
58,44,2023-09-12,8,19.91,GBP
59,404,2023-05-29,2,927.09,EUR
60,61,2023-05-10,1,279.67,USD
61,388,2023-04-04,10,438.02,EUR
62,623,2023-02-28,9,617.95,GBP
63,524,2023-03-14,3,413.31,USD
64,441,2023-11-28,3,729.21,GBP
65,466,2023-09-24,5,523.48,EUR
66,732,2023-07-27,2,298.9,USD
67,909,2023-04-09,6,868.24,EUR
68,760,2023-06-13,2,762.46,EUR
69,433,2023-01-14,7,564.41,USD
70,495,2023-09-07,4,983.72,EUR
71,611,2023-06-02,2,864.86,RUB
72,111,2023-10-27,9,809.02,RUB
73,422,2023-03-05,5,716.84,USD
74,689,2023-11-08,8,622.94,EUR
75,411,2024-01-16,10,689.26,RUB
76,586,2023-09-21,3,655.56,EUR
77,800,2023-04-19,6,634.48,EUR
78,201,2023-07-31,10,361.02,GBP
79,807,2023-05-25,6,322.66,EUR
80,203,2023-12-10,9,886.48,RUB
81,330,2023-04-28,9,803.9,USD
82,569,2023-05-03,6,964.44,RUB
83,315,2023-09-27,1,246.48,RUB
84,816,2024-02-26,7,49.27,EUR
85,661,2023-05-06,9,384.35,RUB
86,869,2023-01-24,3,668.63,EUR
87,1000,2024-01-08,8,508.66,USD
88,133,2024-02-24,5,200.91,GBP
89,468,2023-08-03,4,666.55,USD
90,611,2023-01-21,4,412.19,RUB
91,221,2023-06-05,9,800.79,USD
92,235,2023-03-12,10,111.66,GBP
93,629,2023-04-30,10,501.91,RUB
94,515,2023-02-18,2,466.61,GBP
95,23,2023-05-26,2,831.72,EUR
96,243,2024-01-27,4,968.87,GBP
97,692,2024-01-30,3,637.59,EUR
98,660,2023-04-28,4,431.92,RUB
99,697,2024-01-23,10,196.94,GBP
100,889,2023-09-23,2,509.43,RUB
101,285,2023-09-14,1,197.59,RUB
102,875,2023-01-10,1,64.72,GBP
103,358,2023-07-14,10,452.14,GBP
104,409,2024-01-30,9,213.45,USD
105,209,2023-06-09,8,516.93,GBP
106,694,2023-12-30,8,380.01,RUB
107,764,2024-02-15,3,217.73,USD
108,585,2023-06-04,3,650.58,EUR
109,723,2023-02-11,10,79.49,RUB
110,920,2023-11-17,6,891.56,RUB
111,567,2023-04-05,4,818.75,USD
112,891,2023-06-15,5,454.98,RUB
113,179,2023-06-16,8,614.55,GBP
114,895,2024-01-27,2,826.11,EUR
115,389,2024-02-01,8,130.31,RUB
116,248,2024-02-03,3,851.01,USD
117,125,2023-02-14,6,31.96,RUB
118,298,2023-03-21,6,926.03,GBP
119,336,2023-10-21,5,323.27,EUR
120,982,2023-04-12,4,610.44,RUB
121,67,2023-05-05,1,864.01,GBP
122,209,2024-02-24,3,519.74,EUR
123,140,2023-04-13,10,650.87,GBP
124,51,2023-05-23,4,348.11,EUR
125,296,2023-04-17,5,244.51,USD
126,672,2024-01-09,2,85.83,GBP
127,7,2023-10-28,5,31.73,GBP
128,256,2024-01-29,5,863.24,USD
129,378,2023-03-20,4,921.03,USD
130,334,2023-08-27,10,403.48,USD
131,880,2023-12-19,4,973.84,USD
132,125,2023-10-15,5,425.28,RUB
133,952,2024-01-30,10,538.93,USD
134,742,2023-12-22,9,394.38,EUR
135,502,2024-01-07,8,662.07,RUB
136,502,2023-03-23,7,148.72,EUR
137,589,2023-11-17,7,603.38,RUB
138,510,2023-12-10,4,716.17,EUR
139,562,2023-07-14,1,710.34,USD
140,284,2023-04-14,1,330.37,RUB
141,848,2023-05-02,7,814.8,EUR
142,372,2024-01-04,10,663.42,RUB
143,546,2023-01-25,3,340.38,EUR
144,647,2023-02-22,7,361.05,EUR
145,340,2023-12-04,9,313.98,EUR
146,279,2023-08-31,6,120.64,EUR
147,752,2023-10-20,1,58.12,GBP
148,703,2023-09-08,6,614.98,GBP
149,446,2023-05-20,1,46.92,RUB
150,814,2023-01-04,6,461.57,RUB
151,66,2023-07-03,9,680.22,RUB
152,668,2023-04-28,1,800.7,RUB
153,947,2023-10-18,8,293.34,EUR
154,82,2023-03-20,10,585.29,RUB
155,874,2023-09-18,6,53.34,USD
156,899,2023-06-29,3,768.48,GBP
157,189,2023-08-18,2,300.45,GBP
158,798,2023-08-23,3,239.92,USD
159,519,2023-09-25,1,967.08,RUB
160,892,2023-06-22,4,680.9,EUR
161,674,2023-04-12,9,81.42,RUB
162,167,2023-04-13,3,435.17,RUB
163,2,2023-08-27,2,687.53,RUB
164,151,2023-08-10,10,292.03,GBP
165,510,2023-06-09,4,238.63,EUR
166,96,2023-09-03,3,349.88,RUB
167,443,2023-03-16,10,541.52,USD
168,469,2023-10-22,2,593.63,RUB
169,667,2023-05-20,10,665.16,RUB
170,135,2023-08-23,8,769.22,GBP
171,79,2023-09-07,3,147.34,USD
172,345,2024-02-27,9,755.52,RUB
173,144,2023-07-05,4,670.02,USD
174,954,2023-02-28,5,761.94,USD
175,260,2023-02-21,3,439.47,EUR
176,826,2024-02-27,5,144.77,EUR
177,770,2023-08-04,1,395.21,RUB
178,950,2023-07-24,3,126.03,EUR
179,517,2024-01-18,8,371.29,USD
180,361,2023-05-15,9,142.53,GBP
181,389,2023-04-30,5,727.97,USD
182,717,2023-12-13,6,560.29,EUR
183,602,2023-04-12,5,517.21,GBP
184,665,2024-01-04,3,949.72,USD
185,834,2024-01-25,8,766.67,GBP
186,537,2023-11-24,10,681.89,RUB
187,773,2023-06-30,4,463.36,USD
188,767,2023-09-19,10,324.0,GBP
189,589,2023-05-19,2,424.72,RUB
190,168,2024-02-26,5,625.85,USD
191,668,2023-03-30,4,739.57,RUB
192,108,2023-07-16,9,230.14,USD
193,540,2023-05-18,10,708.71,EUR
194,325,2023-03-24,7,260.26,GBP
195,391,2023-10-21,10,18.16,GBP
196,757,2023-08-18,9,959.16,EUR
197,144,2024-01-04,2,242.05,USD
198,248,2023-04-02,8,270.85,RUB
199,222,2023-06-10,9,358.04,USD
200,476,2024-02-09,7,586.97,USD
201,650,2024-02-16,2,693.1,RUB
202,859,2023-11-27,9,999.48,USD
203,16,2023-04-10,4,285.06,RUB
204,905,2023-09-24,1,12.71,RUB
205,48,2023-01-11,8,701.61,USD
206,57,2024-02-22,6,995.08,EUR
207,605,2023-01-27,1,181.12,USD
208,177,2023-05-30,10,430.89,RUB
209,8,2023-01-25,9,261.02,GBP
210,315,2023-07-08,6,518.76,USD
211,703,2023-10-26,9,266.79,EUR
212,299,2023-03-30,6,400.82,USD
213,520,2023-08-29,8,119.3,USD
214,299,2024-01-25,2,520.14,EUR
215,64,2023-02-05,4,365.31,GBP
216,201,2023-12-09,1,343.82,USD
217,826,2023-05-19,10,693.21,GBP
218,240,2023-01-26,2,148.95,GBP
219,482,2023-07-14,6,801.79,GBP
220,126,2023-12-27,1,447.82,GBP
221,150,2023-05-19,6,680.29,USD
222,429,2023-01-25,7,762.98,USD
223,559,2024-01-22,2,733.15,USD
224,821,2023-10-24,9,826.91,RUB
225,146,2024-01-23,1,643.86,RUB
226,962,2023-07-31,4,826.44,EUR
227,215,2023-05-20,10,113.1,EUR
228,141,2023-02-20,1,160.73,GBP
229,512,2023-05-27,6,309.87,USD
230,450,2023-01-23,5,164.83,GBP
231,49,2024-02-07,8,821.31,RUB
232,288,2023-04-30,5,693.93,USD
233,855,2023-07-16,3,740.64,EUR
234,420,2023-09-15,1,411.81,RUB
235,890,2023-10-02,9,675.58,GBP
236,172,2023-12-24,6,133.07,EUR
237,915,2024-01-30,2,874.66,USD
238,71,2023-07-13,1,862.73,GBP
239,671,2023-01-05,9,257.99,RUB
240,79,2024-01-24,6,780.0,EUR
241,645,2023-10-07,4,576.38,EUR
242,837,2023-06-17,3,420.79,GBP
243,379,2023-01-14,4,591.52,USD
244,536,2024-01-10,2,551.63,RUB
245,678,2023-04-26,1,744.18,USD
246,359,2023-05-19,3,857.0,EUR
247,959,2023-08-14,7,847.67,USD
248,783,2023-01-22,1,875.71,EUR
249,492,2023-09-07,3,860.43,GBP
250,92,2023-12-28,1,184.17,GBP
251,518,2023-05-11,6,877.43,RUB
252,926,2023-04-03,9,304.68,EUR
253,708,2023-04-25,8,103.67,RUB
254,848,2023-09-20,1,877.96,USD
255,704,2024-01-06,3,966.85,RUB
256,875,2023-01-21,9,363.14,USD
257,374,2023-10-09,10,438.41,USD
258,329,2023-11-23,1,461.87,USD
259,677,2023-08-08,4,883.96,RUB
260,432,2023-10-29,6,192.62,GBP
261,66,2024-01-19,4,961.97,GBP
262,390,2023-02-16,2,829.96,RUB
263,736,2023-03-28,9,524.25,GBP
264,118,2023-01-31,2,622.51,RUB
265,663,2023-11-01,4,386.08,GBP
266,907,2024-01-11,2,937.48,USD
267,706,2023-10-02,2,861.42,EUR
268,614,2023-03-19,5,868.57,RUB
269,78,2024-02-12,1,404.27,EUR
270,991,2023-12-13,2,159.68,USD
271,907,2023-12-11,9,452.18,USD
272,728,2023-10-15,10,591.66,RUB
273,663,2024-02-14,4,938.35,RUB
274,117,2023-10-08,4,55.65,USD
275,170,2024-01-08,4,81.42,RUB
276,311,2023-06-13,3,536.37,GBP
277,495,2023-12-25,10,678.95,RUB
278,486,2023-03-20,8,847.32,USD
279,535,2023-11-28,1,450.07,USD
280,232,2023-09-29,10,917.65,EUR
281,68,2024-01-20,10,648.87,GBP
282,364,2024-02-05,1,228.54,GBP
283,891,2024-02-20,4,765.91,USD
284,644,2023-03-08,10,235.05,GBP
285,393,2023-07-09,5,749.84,USD
286,185,2024-02-05,10,237.29,RUB
287,783,2023-04-29,5,525.06,USD
288,266,2023-09-15,6,602.05,EUR
289,996,2023-06-20,10,856.66,GBP
290,608,2023-04-17,5,604.73,EUR
291,279,2024-01-25,5,393.69,EUR
292,927,2023-01-10,10,623.82,EUR
293,917,2023-08-24,5,82.94,USD
294,800,2023-03-20,1,81.91,GBP
295,10,2023-10-11,7,422.49,RUB
296,412,2023-05-22,3,973.37,GBP
297,856,2023-09-11,9,520.64,EUR
298,413,2023-04-29,4,555.91,USD
299,917,2023-10-21,4,749.27,USD
300,72,2024-02-15,4,368.4,GBP
301,904,2023-03-06,1,744.03,GBP
302,966,2023-06-21,7,860.83,USD
303,812,2023-01-30,6,901.42,GBP
304,662,2023-08-04,2,87.2,EUR
305,391,2023-11-17,7,761.97,USD
306,157,2023-10-18,3,216.69,RUB
307,45,2023-02-22,4,973.63,EUR
308,211,2023-12-31,6,828.04,EUR
309,957,2023-03-27,8,605.31,GBP
310,691,2023-03-26,9,849.08,RUB
311,5,2024-02-04,7,190.46,GBP
312,33,2023-06-02,3,430.39,EUR
313,318,2023-02-13,6,663.8,EUR
314,227,2023-02-08,1,152.85,GBP
315,490,2023-08-31,3,981.34,GBP
316,496,2023-08-15,6,130.05,RUB
317,704,2023-02-08,10,879.41,USD
318,587,2023-04-06,7,284.17,RUB
319,374,2023-08-15,3,772.73,RUB
320,675,2023-09-02,6,999.98,EUR
321,765,2023-05-14,4,978.52,EUR
322,253,2023-01-27,8,76.49,EUR
323,374,2023-03-18,9,693.48,USD
324,408,2023-06-14,5,169.76,USD
325,336,2023-04-16,1,717.43,GBP
326,622,2023-07-14,1,657.64,GBP
327,410,2023-08-01,6,868.82,RUB
328,959,2023-05-06,7,525.89,EUR
329,696,2023-09-20,2,367.59,EUR
330,139,2023-05-09,5,642.41,USD
331,495,2024-01-08,3,424.77,RUB
332,116,2023-11-15,6,270.1,USD
333,761,2023-06-12,2,248.57,RUB
334,399,2024-02-16,4,772.02,EUR
335,330,2023-06-14,6,520.55,EUR
336,274,2023-09-15,9,697.54,USD
337,927,2023-12-06,9,932.22,EUR
338,661,2023-08-21,7,277.77,GBP
339,36,2024-01-09,8,472.26,GBP
340,929,2023-11-08,3,865.84,RUB
341,359,2024-01-19,5,621.75,EUR
342,978,2023-04-17,2,12.35,USD
343,125,2024-01-22,2,662.71,USD
344,282,2023-01-11,5,258.72,EUR
345,126,2023-08-09,10,418.97,USD
346,932,2023-02-05,5,565.52,EUR
347,970,2024-01-20,7,592.32,GBP
348,352,2023-04-11,4,179.9,EUR
349,77,2023-05-17,6,887.71,RUB
350,995,2023-11-19,2,98.21,RUB
351,95,2023-07-12,1,415.84,USD
352,20,2023-08-30,9,138.4,GBP
353,239,2023-06-17,1,509.11,USD
354,312,2023-11-25,4,435.47,EUR
355,914,2023-12-22,10,671.67,RUB
356,765,2023-07-01,1,177.15,USD
357,626,2023-01-19,5,622.19,EUR
358,221,2023-12-12,10,489.99,EUR
359,533,2024-02-24,6,807.15,GBP
360,280,2023-06-21,8,781.25,RUB
361,390,2023-08-27,3,544.45,EUR
362,744,2023-01-07,8,73.08,EUR
363,986,2023-07-27,8,350.52,USD
364,82,2023-07-08,9,780.23,GBP
365,60,2023-03-02,7,767.37,USD
366,450,2023-04-24,8,762.61,EUR
367,727,2023-06-13,9,278.11,EUR
368,108,2023-12-15,4,154.69,GBP
369,154,2023-01-20,5,771.31,GBP
370,136,2023-06-25,9,868.14,GBP
371,225,2023-05-23,5,545.52,RUB
372,577,2023-06-24,10,538.87,RUB
373,178,2023-03-20,3,10.05,GBP
374,860,2023-03-29,10,757.51,RUB
375,826,2023-04-01,10,818.88,GBP
376,562,2024-02-09,2,649.13,GBP
377,667,2023-01-16,9,31.58,USD
378,599,2023-08-04,2,196.54,RUB
379,738,2023-05-24,2,400.06,EUR
380,72,2023-08-13,7,432.52,RUB
381,616,2023-02-22,4,304.74,USD
382,631,2023-04-18,8,453.87,GBP
383,679,2023-07-08,8,268.26,GBP
384,191,2023-03-22,3,193.15,RUB
385,597,2024-01-28,7,607.05,EUR
386,969,2024-01-12,6,191.32,GBP
387,949,2023-05-02,5,212.94,GBP
388,272,2024-02-19,9,24.11,EUR
389,562,2023-08-06,2,974.12,RUB
390,618,2023-12-20,1,642.81,USD
391,873,2023-04-24,10,545.49,EUR
392,56,2023-06-05,5,585.96,EUR
393,697,2024-01-14,2,492.91,USD
394,875,2023-08-21,1,549.23,GBP
395,933,2023-04-06,5,195.52,USD
396,44,2023-07-15,3,118.07,EUR
397,562,2023-07-20,10,616.34,GBP
398,157,2024-01-11,1,719.55,EUR
399,963,2023-04-21,9,66.9,EUR
400,338,2023-03-09,3,664.18,EUR
401,358,2023-06-25,2,64.53,GBP
402,619,2023-09-06,7,855.45,USD
403,401,2023-08-10,2,163.75,EUR
404,195,2023-01-28,10,843.34,EUR
405,142,2023-10-31,4,317.33,EUR
406,828,2023-01-10,10,401.95,RUB
407,831,2024-02-15,10,133.79,USD
408,593,2024-02-01,6,928.97,GBP
409,260,2023-09-01,3,313.32,GBP
410,187,2023-02-23,6,415.73,RUB
411,432,2023-09-11,9,359.52,EUR
412,424,2023-08-08,4,823.32,RUB
413,13,2023-05-24,6,38.89,USD
414,519,2023-09-10,1,536.51,USD
415,516,2023-07-17,3,942.67,GBP
416,171,2024-02-14,4,193.57,RUB
417,309,2023-06-29,5,705.96,GBP
418,426,2023-02-23,10,466.39,USD
419,602,2023-02-15,1,101.92,GBP
420,852,2024-01-17,6,249.07,EUR
421,261,2023-06-16,1,29.96,RUB
422,203,2023-09-27,2,79.19,GBP
423,579,2023-04-24,6,197.02,EUR
424,542,2023-06-07,5,384.16,EUR
425,110,2024-02-26,2,389.76,EUR
426,983,2023-02-27,8,788.78,USD
427,533,2023-07-20,6,41.15,RUB
428,642,2024-02-24,7,660.1,USD
429,577,2023-07-04,8,259.87,USD
430,460,2023-06-19,2,597.54,RUB
431,120,2023-12-03,3,573.33,EUR
432,93,2023-02-17,10,819.49,EUR
433,619,2023-10-27,4,906.46,RUB
434,654,2023-02-19,10,356.02,EUR
435,171,2023-06-19,5,466.28,GBP
436,92,2023-04-05,5,555.08,EUR
437,388,2023-11-19,5,645.83,EUR
438,919,2023-12-12,8,293.24,RUB
439,801,2023-02-27,3,827.28,RUB
440,475,2023-10-18,7,376.3,GBP
441,774,2023-12-28,4,262.16,EUR
442,475,2023-04-12,2,353.1,EUR
443,829,2023-01-13,4,634.61,USD
444,29,2023-02-26,9,160.29,RUB
445,764,2024-01-06,3,338.47,EUR
446,5,2024-01-10,5,972.11,GBP
447,879,2023-03-21,2,312.42,GBP
448,104,2023-12-21,4,765.84,EUR
449,544,2023-04-01,2,234.6,RUB
450,144,2023-04-02,8,787.5,EUR
451,601,2023-10-15,2,441.61,USD
452,944,2023-06-19,6,427.15,USD
453,783,2023-05-05,8,310.64,RUB
454,632,2023-05-14,4,572.19,USD
455,131,2023-04-06,3,727.81,RUB
456,830,2023-04-15,5,576.27,GBP
457,325,2024-01-31,2,302.16,GBP
458,817,2024-01-02,2,924.61,RUB
459,326,2023-07-07,8,53.15,USD
460,567,2023-10-02,10,885.61,RUB
461,520,2023-10-28,9,554.56,USD
462,432,2023-09-04,1,551.77,RUB
463,959,2023-04-17,6,374.6,EUR
464,165,2023-06-19,5,257.38,RUB
465,456,2023-03-22,7,586.95,RUB
466,123,2023-05-04,2,560.19,RUB
467,536,2023-07-04,9,85.21,RUB
468,956,2024-01-15,4,138.38,USD
469,67,2023-05-01,4,288.74,GBP
470,626,2024-01-30,5,79.78,EUR
471,802,2023-09-28,9,225.66,GBP
472,100,2024-01-30,8,448.34,GBP
473,65,2023-05-31,3,587.48,USD
474,666,2023-08-27,1,734.2,GBP
475,425,2023-05-08,10,484.49,RUB
476,518,2023-11-25,1,320.84,RUB
477,460,2023-09-25,5,952.95,GBP
478,104,2023-12-22,8,684.77,USD
479,560,2023-01-26,2,214.51,EUR
480,176,2023-08-25,4,676.79,USD
481,895,2024-01-27,10,851.34,EUR
482,811,2023-10-31,8,346.9,GBP
483,425,2023-07-02,2,223.82,RUB
484,924,2023-06-27,1,574.85,USD
485,995,2023-05-29,10,256.81,USD
486,581,2023-06-03,8,46.17,RUB
487,316,2023-01-23,3,213.21,GBP
488,595,2023-01-08,6,987.46,RUB
489,251,2023-12-20,6,554.43,EUR
490,888,2023-02-13,6,279.91,RUB
491,460,2023-06-26,6,885.55,USD
492,705,2023-04-04,8,541.37,USD
493,230,2024-01-21,8,598.47,USD
494,252,2023-12-22,3,798.11,GBP
495,64,2024-02-11,10,451.9,GBP
496,892,2023-11-02,8,761.2,GBP
497,932,2024-02-13,8,998.11,EUR
498,737,2024-01-15,10,193.06,RUB
499,66,2023-10-29,6,296.58,RUB
500,730,2023-03-28,7,350.56,USD
501,388,2023-11-23,2,267.81,RUB
502,815,2023-12-09,8,695.22,GBP
503,204,2024-01-23,5,383.99,GBP
504,3,2023-12-04,2,175.14,RUB
505,520,2023-12-29,1,52.4,GBP
506,852,2023-12-07,9,380.46,USD
507,32,2023-04-22,3,275.32,GBP
508,384,2023-11-17,1,520.25,GBP
509,538,2023-09-18,4,42.36,USD
510,908,2023-10-15,1,676.89,GBP
511,840,2023-02-01,3,779.07,RUB
512,626,2023-11-24,10,494.16,USD
513,135,2023-06-10,5,442.99,GBP
514,842,2023-06-19,8,766.72,GBP
515,975,2023-02-22,5,932.25,RUB
516,731,2023-04-09,5,62.25,RUB
517,355,2023-07-05,5,256.99,EUR
518,422,2023-10-19,2,654.34,GBP
519,952,2023-08-28,3,478.42,EUR
520,131,2023-01-02,1,210.78,GBP
521,166,2023-11-16,5,915.31,RUB
522,703,2023-01-27,9,900.16,GBP
523,624,2023-01-12,8,79.43,RUB
524,763,2023-06-17,8,772.82,USD
525,621,2023-10-23,1,19.55,GBP
526,908,2023-12-30,2,49.9,EUR
527,316,2023-12-01,5,32.34,EUR
528,879,2023-05-02,3,161.52,GBP
529,526,2023-03-14,4,736.87,RUB
530,912,2023-12-02,8,188.36,GBP
531,329,2023-08-29,8,841.34,RUB
532,881,2023-12-02,4,83.68,RUB
533,318,2023-10-10,9,960.97,GBP
534,347,2024-01-16,9,701.39,GBP
535,138,2023-08-12,6,907.77,EUR
536,473,2023-06-27,7,727.77,RUB
537,481,2023-06-08,8,892.03,RUB
538,404,2023-10-17,7,746.67,EUR
539,500,2023-08-29,5,16.13,EUR
540,758,2023-02-10,4,966.99,USD
541,914,2023-03-12,4,629.69,RUB
542,980,2023-06-29,6,268.71,RUB
543,356,2023-06-18,1,633.71,GBP
544,305,2023-06-24,6,270.58,USD
545,57,2023-12-25,5,546.89,EUR
546,993,2023-10-02,1,536.2,RUB
547,649,2023-12-14,8,677.88,RUB
548,830,2023-03-11,3,954.2,RUB
549,197,2023-05-09,5,761.99,USD
550,792,2023-10-06,10,789.11,EUR
551,431,2023-12-14,9,371.72,GBP
552,976,2023-08-13,9,570.21,GBP
553,762,2024-01-15,8,346.76,GBP
554,754,2024-01-09,6,503.25,USD
555,152,2024-01-01,8,469.79,GBP
556,177,2023-12-23,8,210.11,EUR
557,54,2023-05-17,10,858.91,EUR
558,452,2023-03-30,5,885.81,GBP
559,159,2023-03-03,3,129.95,EUR
560,385,2023-08-24,7,527.13,USD
561,266,2023-11-18,3,452.27,EUR
562,181,2023-07-14,3,853.02,EUR
563,419,2024-01-06,8,451.81,GBP
564,907,2023-12-26,6,31.2,RUB
565,929,2023-03-08,1,422.48,GBP
566,724,2023-08-01,7,846.34,GBP
567,561,2023-12-10,6,482.25,RUB
568,275,2023-06-08,6,810.07,USD
569,824,2023-06-05,7,445.9,EUR
570,680,2023-12-22,4,716.87,USD
571,956,2023-08-10,2,981.23,RUB
572,329,2023-07-19,10,186.58,GBP
573,886,2023-12-03,1,781.06,USD
574,957,2023-12-26,4,305.28,GBP
575,146,2023-09-25,9,738.43,GBP
576,409,2023-01-16,5,171.42,USD
577,921,2023-02-07,3,241.55,EUR
578,925,2023-05-31,1,515.34,RUB
579,938,2024-02-23,10,944.86,EUR
580,533,2023-07-28,9,356.84,USD
581,512,2023-05-01,4,913.48,GBP
582,456,2023-01-03,8,614.62,EUR
583,124,2023-05-06,1,407.73,EUR
584,217,2024-02-24,2,190.49,GBP
585,845,2023-10-24,10,407.71,GBP
586,923,2023-07-08,9,182.5,RUB
587,785,2023-08-06,2,20.21,RUB
588,862,2023-04-03,9,851.5,GBP
589,126,2023-07-22,6,261.77,RUB
590,69,2024-02-04,9,770.23,RUB
591,942,2023-11-04,3,540.21,GBP
592,581,2023-09-03,9,384.37,RUB
593,312,2023-06-05,3,15.87,GBP
594,588,2023-05-24,8,464.2,USD
595,358,2023-07-28,3,123.52,EUR
596,992,2023-10-14,3,141.85,RUB
597,707,2023-06-29,7,380.46,GBP
598,408,2023-09-06,8,516.42,EUR
599,993,2023-10-08,8,34.32,GBP
600,692,2023-09-10,2,918.74,USD
601,458,2023-09-18,3,524.77,RUB
602,112,2023-08-21,10,989.9,EUR
603,499,2023-02-02,4,914.24,USD
604,434,2023-01-28,7,824.59,USD
605,438,2023-11-09,7,402.56,RUB
606,705,2023-10-30,4,794.71,GBP
607,628,2023-12-12,8,314.18,USD
608,997,2023-01-21,8,924.3,USD
609,109,2023-10-01,3,975.52,GBP
610,17,2023-04-26,7,395.47,RUB
611,546,2024-02-06,1,505.22,GBP
612,809,2023-05-18,8,861.99,GBP
613,29,2023-01-03,2,629.69,USD
614,23,2023-12-10,10,101.58,RUB
615,300,2024-02-22,1,791.04,USD
616,972,2023-05-17,10,534.43,USD
617,279,2023-04-30,7,989.24,USD
618,600,2024-02-29,10,837.99,RUB
619,837,2023-03-15,4,950.67,EUR
620,261,2023-01-22,8,891.64,USD
621,657,2023-10-29,3,129.98,RUB
622,187,2023-01-07,3,716.01,EUR
623,25,2023-05-08,10,818.59,EUR
624,232,2023-01-14,8,453.88,EUR
625,768,2023-02-28,4,705.54,RUB
626,385,2023-07-10,5,898.96,EUR
627,193,2023-07-25,10,237.96,USD
628,995,2023-09-30,9,282.14,GBP
629,587,2024-02-17,10,828.41,USD
630,873,2024-02-01,7,627.47,USD
631,426,2023-04-21,7,436.77,RUB
632,79,2023-10-10,9,204.67,GBP
633,819,2023-07-28,6,415.25,USD
634,780,2023-08-28,8,17.85,EUR
635,857,2023-02-17,9,547.41,USD
636,309,2023-05-12,7,833.91,EUR
637,225,2023-06-05,9,529.04,USD
638,364,2023-05-18,3,953.51,RUB
639,752,2023-08-06,3,661.81,USD
640,721,2023-08-28,10,791.55,GBP
641,638,2023-10-24,8,415.26,RUB
642,562,2023-06-21,3,179.06,GBP
643,351,2023-03-16,4,133.49,GBP
644,780,2024-02-11,4,121.78,GBP
645,346,2023-06-20,5,469.13,GBP
646,154,2024-02-15,8,579.36,GBP
647,203,2023-11-02,10,592.19,EUR
648,125,2024-02-07,10,513.29,USD
649,307,2023-12-17,9,101.82,USD
650,440,2023-12-29,4,374.0,GBP
651,702,2023-08-29,5,112.41,EUR
652,693,2023-12-07,1,98.02,RUB
653,526,2024-01-31,7,735.01,EUR
654,117,2023-02-19,6,885.15,GBP
655,904,2024-02-26,2,317.52,USD
656,297,2023-02-11,1,435.07,RUB
657,919,2023-11-25,3,503.19,GBP
658,235,2024-02-14,9,623.92,GBP
659,71,2023-04-13,2,220.75,USD
660,657,2023-11-28,8,848.65,EUR
661,148,2023-04-23,6,175.91,RUB
662,960,2024-01-31,9,122.36,RUB
663,184,2023-08-19,9,549.67,RUB
664,360,2023-11-07,4,567.36,EUR
665,376,2023-08-08,8,366.65,GBP
666,380,2023-06-20,3,665.58,GBP
667,184,2023-07-05,3,149.36,RUB
668,732,2023-12-20,7,729.73,USD
669,444,2023-05-17,3,461.38,GBP
670,974,2023-08-21,4,43.58,EUR
671,175,2023-11-27,4,690.71,RUB
672,537,2023-04-26,9,717.68,EUR
673,196,2023-06-20,7,505.36,RUB
674,276,2024-02-18,5,329.73,GBP
675,127,2023-03-02,1,380.18,USD
676,34,2023-07-30,2,890.1,GBP
677,194,2023-01-08,10,752.05,GBP
678,766,2023-05-29,9,373.65,GBP
679,347,2023-10-13,5,793.21,EUR
680,285,2023-10-03,2,745.33,RUB
681,373,2023-11-07,3,329.52,RUB
682,952,2023-07-21,8,275.82,GBP
683,508,2023-09-25,6,397.69,EUR
684,815,2023-11-06,7,861.07,RUB
685,802,2023-06-27,2,832.61,EUR
686,792,2023-10-06,3,26.97,GBP
687,488,2023-09-29,10,755.39,GBP
688,436,2023-01-22,8,614.2,USD
689,727,2023-03-08,6,237.47,USD
690,662,2023-11-13,3,32.66,EUR
691,31,2023-12-14,9,381.33,EUR
692,368,2023-06-11,1,842.69,GBP
693,146,2023-04-06,10,82.99,EUR
694,880,2024-01-28,4,432.99,GBP
695,743,2024-02-14,10,838.32,RUB
696,569,2023-04-19,4,592.8,GBP
697,252,2023-02-07,6,289.24,GBP
698,135,2023-07-08,9,906.13,GBP
699,872,2023-04-17,10,62.49,USD
700,96,2023-07-24,9,179.51,GBP
701,602,2023-03-11,4,228.71,GBP
702,182,2023-04-09,3,521.49,USD
703,302,2023-04-02,10,713.16,RUB
704,188,2023-04-03,5,41.94,GBP
705,438,2023-06-30,4,264.03,USD
706,971,2023-06-01,2,239.63,RUB
707,191,2023-05-09,8,119.92,GBP
708,478,2023-03-28,9,837.12,EUR
709,729,2023-07-13,1,738.96,USD
710,530,2024-02-01,8,37.13,GBP
711,600,2023-10-08,10,898.82,USD
712,841,2024-02-19,7,847.93,EUR
713,826,2023-05-02,8,342.97,USD
714,485,2023-09-03,6,987.39,GBP
715,625,2023-03-19,7,999.12,GBP
716,427,2023-04-30,10,104.1,EUR
717,804,2023-09-03,2,247.55,USD
718,852,2023-02-13,2,818.79,GBP
719,707,2023-03-04,4,541.73,EUR
720,937,2023-02-16,10,234.1,USD
721,497,2024-02-10,6,482.18,USD
722,24,2023-03-02,10,18.17,GBP
723,938,2023-04-02,8,359.55,EUR
724,620,2023-09-16,8,933.06,RUB
725,762,2023-07-17,10,933.06,GBP
726,780,2023-06-26,6,375.54,USD
727,339,2023-08-07,8,269.94,GBP
728,564,2023-08-22,2,612.15,GBP
729,266,2024-01-15,2,610.99,USD
730,657,2023-07-17,8,157.56,USD
731,771,2023-01-29,2,315.05,GBP
732,176,2023-12-20,8,934.64,USD
733,879,2024-02-06,1,891.81,USD
734,704,2023-02-06,6,356.8,GBP
735,443,2023-10-11,1,718.34,RUB
736,731,2023-06-02,3,672.54,EUR
737,401,2023-05-15,5,576.1,USD
738,405,2023-08-30,9,820.51,USD
739,600,2023-02-14,10,650.24,USD
740,241,2024-01-10,3,144.63,GBP
741,933,2023-10-11,8,566.62,GBP
742,198,2023-06-12,5,871.3,GBP
743,463,2023-07-11,1,210.38,RUB
744,371,2023-02-14,8,830.95,GBP
745,807,2023-03-29,5,710.76,RUB
746,366,2023-10-16,8,64.55,EUR
747,602,2023-10-27,10,394.36,GBP
748,329,2023-06-25,5,282.03,EUR
749,549,2023-08-08,1,135.9,USD
750,179,2023-12-07,10,878.54,RUB
751,20,2024-01-14,10,452.85,USD
752,4,2023-08-24,9,698.01,EUR
753,618,2023-09-05,9,509.76,EUR
754,570,2023-08-19,8,62.82,RUB
755,846,2023-02-01,5,835.09,USD
756,549,2024-01-28,4,454.32,EUR
757,64,2023-07-28,6,560.13,RUB
758,532,2023-11-07,7,110.01,USD
759,610,2023-06-30,2,567.13,USD
760,852,2024-02-19,7,167.9,RUB
761,216,2023-09-28,8,924.11,EUR
762,676,2023-03-27,6,610.16,GBP
763,15,2023-11-18,3,357.86,EUR
764,289,2023-10-17,8,410.22,EUR
765,578,2023-08-11,6,125.66,GBP
766,248,2023-09-20,7,765.99,EUR
767,732,2024-02-01,2,612.9,RUB
768,48,2024-02-19,8,849.26,RUB
769,217,2023-06-14,4,378.33,USD
770,27,2023-05-10,10,528.75,GBP
771,666,2024-02-01,10,332.57,USD
772,378,2023-02-11,10,763.83,EUR
773,622,2024-02-08,3,139.8,GBP
774,927,2023-02-20,4,572.14,RUB
775,386,2023-12-11,5,606.88,GBP
776,400,2023-09-25,7,457.57,EUR
777,90,2023-07-19,2,211.21,USD
778,115,2023-08-09,5,965.53,EUR
779,916,2023-09-12,8,573.63,RUB
780,310,2023-03-31,6,179.39,USD
781,607,2023-11-15,8,935.17,RUB
782,218,2023-02-21,7,59.92,RUB
783,368,2023-12-11,6,124.91,USD
784,560,2023-11-05,7,724.05,EUR
785,124,2023-04-17,5,775.72,EUR
786,266,2024-02-19,9,666.7,USD
787,763,2023-04-22,7,763.03,GBP
788,528,2023-01-25,4,518.18,USD
789,259,2023-03-18,5,78.33,EUR
790,23,2023-07-01,6,208.63,USD
791,580,2023-11-22,10,738.0,EUR
792,122,2023-05-30,6,927.42,USD
793,612,2023-02-11,1,902.33,EUR
794,869,2023-06-04,8,156.89,EUR
795,809,2023-04-06,3,372.73,RUB
796,630,2024-01-29,8,377.19,EUR
797,840,2023-04-21,3,316.76,USD
798,569,2024-01-21,4,453.28,EUR
799,124,2024-02-25,8,899.0,USD
800,929,2023-09-23,10,105.78,GBP
801,873,2023-08-21,2,795.78,EUR
802,619,2023-01-04,3,289.25,GBP
803,804,2023-02-12,3,198.82,EUR
804,579,2023-08-07,3,815.32,USD
805,269,2023-11-24,1,68.0,USD
806,147,2023-02-13,1,515.06,RUB
807,787,2024-02-28,6,672.61,USD
808,251,2023-09-26,9,266.14,RUB
809,509,2023-10-25,2,755.29,RUB
810,577,2024-02-04,8,489.37,USD
811,301,2023-01-06,10,605.64,USD
812,710,2023-12-02,7,304.66,USD
813,49,2023-09-12,6,124.51,GBP
814,17,2023-08-25,2,83.8,RUB
815,500,2023-04-13,4,208.19,USD
816,440,2023-06-01,6,256.38,USD
817,363,2023-08-06,7,267.56,USD
818,564,2023-03-05,6,212.19,RUB
819,828,2023-02-07,3,721.43,EUR
820,681,2023-09-19,7,657.18,USD
821,923,2023-06-13,5,516.54,RUB
822,500,2023-07-16,2,982.51,USD
823,22,2023-09-23,8,747.28,EUR
824,687,2023-10-09,7,335.34,USD
825,704,2023-09-03,7,717.38,GBP
826,349,2023-09-01,2,178.99,EUR
827,820,2023-04-03,4,486.47,EUR
828,265,2023-09-14,3,303.39,EUR
829,573,2023-04-18,8,117.72,RUB
830,109,2023-12-21,7,275.21,GBP
831,643,2023-05-06,10,93.41,RUB
832,656,2023-11-02,3,307.53,EUR
833,439,2023-10-25,6,377.51,USD
834,210,2023-03-30,4,474.11,GBP
835,577,2023-01-15,10,755.95,GBP
836,586,2023-08-07,8,34.55,RUB
837,317,2023-02-13,2,396.34,USD
838,818,2023-05-05,1,765.3,USD
839,840,2023-09-09,2,529.5,RUB
840,21,2023-06-08,7,389.58,RUB
841,500,2023-02-06,4,125.67,EUR
842,396,2023-03-04,8,715.5,EUR
843,758,2023-08-31,10,238.99,EUR
844,594,2023-04-22,5,320.28,GBP
845,752,2024-02-03,7,869.49,USD
846,19,2023-11-15,1,214.24,EUR
847,602,2023-06-14,1,39.78,GBP
848,72,2023-05-02,7,52.42,USD
849,762,2024-02-14,4,491.12,EUR
850,776,2023-10-16,7,80.4,USD
851,201,2024-02-10,2,872.57,USD
852,262,2023-02-17,9,701.06,GBP
853,801,2023-01-08,4,752.32,RUB
854,29,2023-09-21,1,970.4,USD
855,851,2023-02-04,8,797.92,EUR
856,969,2023-02-26,6,310.68,RUB
857,937,2023-10-21,8,700.48,GBP
858,330,2023-12-24,4,982.25,RUB
859,669,2023-03-31,5,185.48,GBP
860,577,2023-02-02,10,267.43,RUB
861,232,2023-08-13,1,616.04,USD
862,603,2023-11-21,10,920.1,USD
863,428,2023-02-21,6,219.46,USD
864,513,2023-07-12,6,35.46,USD
865,165,2023-03-28,9,720.18,USD
866,943,2024-02-10,9,242.08,USD
867,280,2023-03-08,2,563.91,GBP
868,684,2023-11-12,3,805.59,USD
869,176,2023-12-02,3,276.05,EUR
870,120,2024-01-02,3,313.79,RUB
871,862,2023-03-10,8,663.59,USD
872,462,2023-06-29,10,632.08,GBP
873,120,2023-05-30,10,692.66,RUB
874,317,2024-01-13,7,536.0,EUR
875,487,2023-11-20,6,714.45,EUR
876,464,2023-07-28,2,592.36,USD
877,411,2023-06-23,9,567.39,EUR
878,287,2023-08-12,5,511.76,USD
879,518,2023-03-17,5,98.65,EUR
880,752,2024-01-11,3,900.8,RUB
881,78,2023-04-27,8,286.95,RUB
882,750,2023-09-16,4,126.77,RUB
883,581,2023-04-01,7,85.52,USD
884,487,2023-09-19,1,818.86,EUR
885,829,2024-01-12,6,215.78,USD
886,772,2023-07-03,1,490.12,RUB
887,862,2023-10-07,3,586.41,RUB
888,717,2024-01-18,6,935.12,RUB
889,929,2023-06-14,2,331.08,USD
890,412,2023-10-19,5,968.55,RUB
891,215,2023-12-03,5,779.49,USD
892,604,2023-08-03,8,657.64,GBP
893,495,2023-09-10,3,404.0,USD
894,162,2023-06-03,2,725.52,GBP
895,341,2023-04-02,7,286.69,GBP
896,324,2023-10-06,1,160.41,USD
897,727,2023-05-04,4,659.9,RUB
898,612,2023-04-27,9,11.68,RUB
899,687,2023-12-02,9,949.07,GBP
900,982,2023-04-10,2,90.88,RUB
901,724,2023-09-09,6,593.58,EUR
902,251,2023-08-21,6,784.05,GBP
903,159,2023-08-17,7,767.06,GBP
904,426,2023-04-09,4,415.49,RUB
905,184,2023-03-31,1,160.35,RUB
906,781,2023-11-14,6,962.57,EUR
907,552,2023-07-21,10,563.37,USD
908,883,2023-05-25,8,203.94,GBP
909,696,2023-11-15,6,474.37,GBP
910,390,2023-01-17,7,199.21,EUR
911,562,2023-08-30,10,231.87,USD
912,898,2024-02-23,5,953.87,RUB
913,963,2023-01-29,9,219.35,EUR
914,752,2023-03-02,4,664.42,USD
915,442,2023-08-08,9,532.72,GBP
916,655,2023-10-04,10,495.24,EUR
917,303,2023-09-26,6,986.16,GBP
918,905,2023-10-11,2,747.21,USD
919,86,2023-02-27,5,66.96,GBP
920,57,2024-02-11,4,475.35,EUR
921,546,2023-08-11,9,699.77,EUR
922,358,2023-09-25,3,59.29,EUR
923,996,2024-02-08,3,58.54,EUR
924,247,2024-01-04,2,39.35,USD
925,901,2023-09-22,3,785.99,RUB
926,806,2024-01-11,9,291.38,GBP
927,168,2023-01-25,8,133.89,USD
928,670,2023-12-23,7,593.88,GBP
929,559,2023-04-30,9,855.0,USD
930,685,2023-10-12,3,339.73,RUB
931,675,2024-01-01,6,316.6,USD
932,247,2023-06-02,1,693.47,EUR
933,15,2023-06-26,7,289.59,RUB
934,397,2023-08-05,2,44.3,USD
935,426,2024-02-22,4,88.58,USD
936,142,2023-08-17,4,511.22,GBP
937,606,2023-06-24,7,733.17,EUR
938,73,2023-11-15,5,754.11,RUB
939,325,2023-07-21,5,428.28,GBP
940,307,2023-10-12,9,256.82,RUB
941,623,2023-08-06,5,602.59,USD
942,228,2023-10-31,7,13.83,GBP
943,602,2023-05-25,4,28.71,RUB
944,7,2023-08-06,6,888.09,RUB
945,791,2024-02-14,2,210.63,USD
946,794,2023-12-28,4,872.09,RUB
947,792,2023-02-10,8,983.23,RUB
948,62,2023-03-12,7,685.87,RUB
949,251,2023-03-27,5,674.6,USD
950,889,2023-07-19,9,335.63,RUB
951,417,2023-04-16,8,878.39,RUB
952,332,2023-02-10,3,307.75,USD
953,808,2023-06-12,9,472.78,EUR
954,543,2023-10-24,10,490.79,GBP
955,852,2023-02-06,6,719.17,RUB
956,520,2023-06-08,1,567.91,USD
957,10,2023-03-22,3,204.54,GBP
958,605,2023-11-08,9,427.25,GBP
959,436,2023-05-17,10,635.36,EUR
960,72,2023-01-01,9,594.81,GBP
961,736,2023-01-07,7,148.11,RUB
962,195,2023-08-06,10,390.76,EUR
963,573,2024-02-04,10,699.82,GBP
964,829,2023-01-03,3,134.78,RUB
965,317,2023-05-02,8,740.63,EUR
966,842,2024-02-18,6,84.44,RUB
967,264,2024-01-06,3,993.08,USD
968,684,2023-08-17,2,359.29,EUR
969,553,2024-01-27,5,868.32,EUR
970,556,2023-11-01,9,987.63,USD
971,117,2023-02-09,8,477.49,GBP
972,830,2023-03-12,10,299.53,EUR
973,993,2023-05-18,9,841.56,GBP
974,190,2023-11-11,2,131.99,USD
975,100,2023-05-16,1,521.02,EUR
976,596,2024-01-27,1,811.42,GBP
977,494,2023-07-26,4,844.48,EUR
978,683,2023-09-29,5,464.72,RUB
979,135,2023-08-07,7,266.6,GBP
980,37,2024-01-21,5,394.69,RUB
981,35,2023-02-27,9,526.89,EUR
982,272,2023-10-12,9,286.87,RUB
983,735,2023-01-17,4,76.4,USD
984,876,2023-07-24,7,617.79,RUB
985,317,2023-12-21,5,941.67,GBP
986,326,2023-05-17,9,694.3,EUR
987,294,2023-09-08,6,981.54,GBP
988,132,2023-07-09,4,171.62,GBP
989,373,2023-08-19,9,384.19,RUB
990,29,2023-06-24,3,464.55,RUB
991,110,2023-11-23,3,267.23,RUB
992,380,2023-08-09,4,802.41,GBP
993,474,2023-10-02,2,71.52,RUB
994,111,2023-12-03,6,205.61,EUR
995,475,2023-07-22,3,799.58,USD
996,210,2023-02-08,8,27.59,USD
997,865,2023-02-10,7,63.0,RUB
998,65,2023-03-29,7,485.14,RUB
999,444,2023-08-09,9,150.06,RUB
1000,796,2023-10-09,1,858.86,RUB
1001,506,2023-05-07,7,973.86,EUR
1002,892,2023-09-27,1,214.88,RUB
1003,706,2023-06-18,10,996.51,EUR
1004,62,2023-07-20,5,924.03,USD
1005,44,2023-12-02,1,117.23,USD
1006,569,2023-10-07,3,106.82,RUB
1007,495,2024-01-30,10,615.99,RUB
1008,764,2023-05-11,1,597.07,EUR
1009,206,2023-07-26,1,458.82,EUR
1010,76,2023-01-21,10,439.27,GBP
1011,460,2023-09-08,1,247.51,GBP
1012,650,2024-02-01,6,662.73,RUB
1013,353,2023-03-21,10,592.31,USD
1014,184,2023-11-15,4,454.21,USD
1015,741,2023-08-01,6,909.49,EUR
1016,237,2023-05-14,5,887.16,USD
1017,120,2023-01-31,10,690.38,USD
1018,858,2024-02-05,4,198.21,USD
1019,113,2023-11-21,5,952.81,EUR
1020,835,2023-10-11,10,373.13,USD
1021,964,2023-04-01,1,474.88,EUR
1022,182,2023-05-01,7,894.05,GBP
1023,222,2023-09-25,4,321.14,RUB
1024,149,2023-03-20,9,90.36,RUB
1025,275,2023-06-06,1,706.67,GBP
1026,509,2023-12-11,6,69.97,USD
1027,692,2024-01-13,3,363.95,USD
1028,504,2023-09-01,1,769.46,GBP
1029,386,2023-01-05,8,975.99,USD
1030,863,2023-02-13,1,505.24,RUB
1031,125,2024-01-17,7,380.54,EUR
1032,85,2023-04-28,3,739.82,USD
1033,138,2023-05-27,5,431.31,RUB
1034,261,2023-02-26,8,423.25,USD
1035,494,2023-01-31,10,731.4,GBP
1036,38,2023-10-23,6,797.1,USD
1037,272,2024-01-11,2,962.4,GBP
1038,694,2023-02-20,5,177.04,USD
1039,320,2024-01-14,10,555.4,RUB
1040,458,2023-12-01,2,753.79,RUB
1041,776,2023-07-27,2,543.46,USD
1042,825,2023-11-26,10,506.27,USD
1043,889,2023-09-14,9,873.97,EUR
1044,477,2023-08-11,1,943.88,RUB
1045,94,2023-03-04,6,988.19,USD
1046,4,2023-02-07,1,698.39,EUR
1047,975,2023-07-27,8,897.19,USD
1048,222,2023-01-03,8,491.81,RUB
1049,592,2023-08-29,4,578.57,EUR
1050,710,2023-07-06,9,867.24,GBP
1051,1000,2023-10-09,4,644.17,EUR
1052,770,2024-02-17,2,288.89,EUR
1053,678,2023-07-05,9,942.56,EUR
1054,349,2023-12-20,1,690.41,USD
1055,431,2023-02-13,9,615.97,EUR
1056,80,2024-02-24,4,841.8,GBP
1057,173,2023-04-28,6,416.07,EUR
1058,717,2023-08-23,5,857.8,EUR
1059,796,2023-02-02,1,849.52,GBP
1060,487,2023-06-22,6,112.91,GBP
1061,505,2023-09-08,2,518.45,RUB
1062,352,2024-01-28,6,753.95,USD
1063,143,2023-11-29,7,482.99,USD
1064,976,2024-02-17,5,666.25,EUR
1065,913,2023-02-12,10,327.33,RUB
1066,321,2023-03-19,1,318.76,EUR
1067,856,2023-03-07,8,234.39,GBP
1068,668,2023-01-27,6,21.05,GBP
1069,204,2023-10-03,10,842.27,RUB
1070,374,2023-10-28,3,574.37,USD
1071,904,2023-05-03,7,791.81,RUB
1072,118,2023-02-26,1,922.01,EUR
1073,364,2023-03-12,2,862.03,USD
1074,928,2023-06-21,8,335.01,RUB
1075,844,2023-12-14,10,908.19,GBP
1076,226,2023-04-19,4,28.27,GBP
1077,997,2023-07-22,2,568.63,EUR
1078,244,2023-04-13,5,277.55,GBP
1079,813,2023-09-24,10,643.2,GBP
1080,541,2023-09-03,1,194.95,USD
1081,774,2023-07-09,2,485.39,EUR
1082,596,2023-06-18,3,804.09,RUB
1083,490,2023-05-14,1,93.3,EUR
1084,794,2023-07-30,5,270.24,USD
1085,779,2024-02-19,10,213.35,GBP
1086,758,2024-02-17,2,504.75,EUR
1087,601,2023-10-30,2,628.86,GBP
1088,559,2023-04-30,3,518.22,GBP
1089,215,2023-02-25,6,356.99,RUB
1090,627,2023-09-03,9,666.71,GBP
1091,529,2023-11-20,1,244.29,EUR
1092,630,2024-01-11,3,457.73,EUR
1093,822,2023-11-15,1,727.41,USD
1094,386,2024-02-02,3,573.13,GBP
1095,768,2023-02-22,2,543.32,EUR
1096,177,2023-04-18,6,809.44,RUB
1097,158,2023-07-26,4,882.11,EUR
1098,375,2023-12-17,7,647.67,USD
1099,500,2024-02-23,5,780.87,RUB
1100,986,2023-09-02,10,807.8,GBP
1101,389,2023-10-09,8,450.07,USD
1102,598,2023-04-05,10,214.35,RUB
1103,799,2024-02-21,8,921.11,GBP
1104,138,2023-10-26,2,39.65,RUB
1105,404,2023-03-22,1,951.43,USD
1106,575,2023-05-05,10,511.11,GBP
1107,710,2024-01-10,1,378.54,USD
1108,255,2023-09-02,5,567.47,EUR
1109,73,2023-10-19,9,562.84,RUB
1110,660,2023-08-12,2,791.87,EUR
1111,177,2023-05-01,1,956.31,USD
1112,649,2023-06-28,9,63.74,EUR
1113,857,2023-05-28,6,631.52,RUB
1114,898,2023-02-03,6,594.43,GBP
1115,436,2023-12-07,9,36.71,RUB
1116,112,2023-11-03,8,164.94,EUR
1117,157,2023-03-24,5,968.56,USD
1118,363,2023-01-15,8,559.51,EUR
1119,781,2023-03-28,3,994.86,EUR
1120,774,2023-01-08,7,381.72,RUB
1121,608,2023-01-16,2,873.23,GBP
1122,920,2023-10-24,1,439.7,RUB
1123,638,2023-01-06,8,83.6,GBP
1124,410,2023-01-04,10,845.47,RUB
1125,63,2024-01-09,9,782.42,RUB
1126,668,2023-04-09,8,400.6,RUB
1127,505,2023-02-27,8,926.18,GBP
1128,68,2023-11-28,3,716.28,RUB
1129,143,2023-01-05,9,738.99,GBP
1130,731,2023-03-17,1,308.21,RUB
1131,266,2023-05-27,3,822.13,GBP
1132,459,2023-03-04,5,670.58,RUB
1133,393,2023-11-20,9,75.82,EUR
1134,484,2023-07-11,6,533.19,USD
1135,293,2023-12-23,9,557.92,RUB
1136,742,2023-12-12,9,450.75,GBP
1137,314,2023-08-19,9,483.13,USD
1138,370,2023-02-05,1,885.25,GBP
1139,807,2023-08-15,9,680.03,GBP
1140,21,2024-01-27,6,996.66,RUB
1141,672,2023-07-25,5,864.27,RUB
1142,383,2023-06-07,4,820.1,GBP
1143,812,2024-02-23,1,469.21,USD
1144,36,2023-08-23,1,240.02,USD
1145,900,2023-09-19,6,607.95,GBP
1146,667,2023-06-23,2,689.42,GBP
1147,428,2024-01-27,10,75.29,USD
1148,205,2023-01-11,1,20.48,USD
1149,568,2023-04-21,2,326.8,EUR
1150,243,2023-06-07,8,667.55,RUB
1151,839,2023-10-03,1,345.18,GBP
1152,586,2023-12-09,3,224.8,GBP
1153,370,2023-09-11,4,524.34,USD
1154,141,2024-01-24,1,42.17,USD
1155,830,2024-01-27,4,898.78,GBP
1156,132,2023-10-08,5,53.01,EUR
1157,299,2023-02-23,8,272.45,USD
1158,880,2023-02-07,4,978.2,USD
1159,684,2023-07-04,3,656.54,EUR
1160,419,2023-07-12,8,243.93,GBP
1161,855,2023-07-20,9,368.85,GBP
1162,205,2023-02-04,1,319.62,USD
1163,998,2023-06-09,6,886.0,RUB
1164,306,2023-09-26,8,433.76,RUB
1165,829,2023-03-29,7,689.61,EUR
1166,233,2023-09-20,10,447.59,GBP
1167,8,2023-07-24,3,935.01,USD
1168,962,2023-06-14,10,869.39,RUB
1169,130,2023-07-02,3,916.61,USD
1170,381,2023-12-28,10,446.1,USD
1171,47,2023-03-23,4,780.4,RUB
1172,470,2024-01-28,7,880.81,GBP
1173,626,2023-09-21,4,634.03,EUR
1174,708,2023-04-20,7,629.63,USD
1175,952,2023-07-06,7,602.76,GBP
1176,675,2023-06-22,5,150.21,GBP
1177,563,2023-12-26,4,379.09,EUR
1178,444,2023-03-30,8,537.44,GBP
1179,233,2023-10-16,2,597.62,RUB
1180,59,2024-02-01,4,970.5,GBP
1181,385,2023-08-20,6,53.24,GBP
1182,772,2023-03-11,9,630.76,EUR
1183,13,2023-08-31,1,729.66,USD
1184,877,2023-01-02,6,279.17,RUB
1185,729,2023-01-25,5,823.86,RUB
1186,873,2023-07-20,5,563.91,EUR
1187,730,2024-01-30,8,586.63,RUB
1188,840,2023-01-23,9,721.99,GBP
1189,300,2024-01-03,8,129.45,GBP
1190,27,2023-07-02,5,955.38,EUR
1191,318,2024-01-23,10,657.44,GBP
1192,989,2023-03-04,10,137.64,RUB
1193,616,2023-12-02,3,763.77,USD
1194,582,2023-08-16,7,258.34,RUB
1195,390,2023-10-20,1,452.74,RUB
1196,996,2023-05-13,2,362.21,EUR
1197,701,2023-06-28,4,707.89,EUR
1198,854,2023-01-23,3,431.9,USD
1199,170,2023-01-26,4,526.22,RUB
1200,620,2023-11-16,10,992.45,RUB
1201,306,2023-10-11,8,476.09,RUB
1202,380,2023-10-24,8,578.73,USD
1203,274,2023-09-21,3,553.25,USD
1204,502,2023-03-18,5,403.88,USD
1205,96,2023-12-29,6,436.11,RUB
1206,317,2023-11-22,8,860.61,EUR
1207,402,2023-03-01,4,802.56,RUB
1208,582,2023-05-26,10,42.52,GBP
1209,411,2023-08-24,2,136.35,EUR
1210,747,2023-02-11,6,658.75,EUR
1211,769,2024-02-20,8,514.46,RUB
1212,813,2023-02-25,7,846.67,GBP
1213,149,2023-01-27,7,492.98,USD
1214,208,2023-12-05,8,675.0,USD
1215,880,2023-05-12,7,551.25,GBP
1216,22,2023-11-23,4,984.33,RUB
1217,467,2023-03-02,1,182.27,EUR
1218,836,2024-01-22,3,212.57,RUB
1219,861,2023-11-10,10,691.83,GBP
1220,236,2023-05-16,2,736.76,GBP
1221,401,2023-02-11,4,784.56,RUB
1222,130,2024-01-24,8,881.84,RUB
1223,395,2023-12-24,7,174.54,USD
1224,592,2024-02-29,3,707.77,RUB
1225,120,2023-01-29,8,70.5,RUB
1226,503,2023-06-15,2,974.7,EUR
1227,167,2024-02-07,3,508.23,EUR
1228,435,2023-03-04,7,41.06,RUB
1229,825,2023-06-30,8,535.27,USD
1230,354,2023-03-27,7,364.31,GBP
1231,317,2023-05-10,3,48.2,GBP
1232,697,2023-06-19,9,263.59,GBP
1233,105,2023-10-28,3,69.38,RUB
1234,566,2023-05-25,4,952.22,USD
1235,76,2024-01-05,4,161.06,RUB
1236,335,2023-06-04,5,464.23,EUR
1237,572,2023-03-30,2,659.53,USD
1238,514,2023-12-15,9,485.42,EUR
1239,992,2023-06-05,7,774.19,GBP
1240,446,2023-10-14,2,391.55,EUR
1241,685,2023-02-01,10,877.08,RUB
1242,430,2023-12-23,8,814.68,GBP
1243,806,2023-04-08,4,564.25,EUR
1244,698,2024-01-16,1,937.18,USD
1245,364,2023-01-10,3,451.68,RUB
1246,364,2023-05-27,10,872.31,USD
1247,486,2023-07-08,6,496.65,GBP
1248,149,2024-01-16,8,896.99,RUB
1249,836,2023-12-30,3,654.02,USD
1250,441,2023-07-09,2,193.2,EUR
1251,511,2023-01-25,10,664.39,USD
1252,842,2023-03-17,8,230.68,USD
1253,382,2024-02-05,4,264.57,GBP
1254,208,2023-10-31,4,885.98,RUB
1255,437,2023-11-08,5,51.18,USD
1256,643,2023-12-14,5,622.82,USD
1257,416,2023-09-22,3,102.0,RUB
1258,127,2023-04-26,8,752.7,EUR
1259,784,2024-01-02,7,155.61,RUB
1260,591,2023-03-22,6,341.65,GBP
1261,222,2023-12-11,9,845.1,EUR
1262,728,2024-01-04,4,792.09,EUR
1263,537,2023-08-14,10,196.88,USD
1264,375,2023-06-01,8,830.74,RUB
1265,979,2023-10-26,10,974.12,EUR
1266,565,2023-01-02,4,549.0,EUR
1267,959,2023-02-06,1,562.07,RUB
1268,264,2024-02-16,5,946.31,EUR
1269,160,2023-04-07,3,692.52,RUB
1270,783,2023-01-25,8,18.15,RUB
1271,604,2023-09-04,8,834.1,GBP
1272,40,2023-12-16,8,126.29,GBP
1273,31,2023-12-08,2,130.18,USD
1274,658,2023-05-14,2,933.76,EUR
1275,402,2023-12-30,4,844.88,GBP
1276,83,2023-03-09,9,160.73,GBP
1277,197,2023-08-25,9,930.65,USD
1278,194,2023-05-27,10,661.14,GBP
1279,223,2024-02-04,2,890.74,USD
1280,651,2023-12-21,4,277.13,RUB
1281,759,2023-09-27,8,862.63,GBP
1282,346,2023-08-21,4,305.97,RUB
1283,507,2023-09-13,4,502.32,EUR
1284,996,2023-05-06,9,235.07,USD
1285,980,2023-09-06,1,500.06,USD
1286,336,2023-08-16,7,70.72,RUB
1287,378,2023-07-14,1,177.04,RUB
1288,448,2023-05-31,3,698.74,USD
1289,68,2023-06-27,9,211.38,USD
1290,452,2023-05-25,6,129.16,GBP
1291,691,2023-11-11,4,645.06,RUB
1292,411,2023-10-20,8,151.6,USD
1293,15,2023-06-11,9,57.32,RUB
1294,752,2023-07-02,8,123.4,USD
1295,735,2023-11-12,6,158.63,EUR
1296,122,2023-05-03,8,70.49,GBP
1297,711,2023-04-25,9,698.45,RUB
1298,650,2023-07-29,3,284.96,GBP
1299,496,2023-09-15,3,331.38,USD
1300,359,2023-10-24,6,842.69,GBP
1301,778,2023-11-25,1,327.72,RUB
1302,880,2023-04-19,8,802.47,GBP
1303,825,2023-06-26,5,129.35,USD
1304,651,2023-07-20,6,104.47,EUR
1305,811,2024-02-14,6,715.28,EUR
1306,944,2024-01-03,1,929.4,USD
1307,653,2023-07-11,10,717.93,EUR
1308,727,2023-08-06,6,44.56,EUR
1309,318,2023-02-05,9,133.92,RUB
1310,688,2023-10-22,5,12.96,USD
1311,503,2023-11-27,4,222.7,GBP
1312,680,2023-06-12,9,698.98,EUR
1313,820,2023-10-07,8,923.66,GBP
1314,982,2023-05-02,7,231.0,GBP
1315,759,2023-08-12,6,278.5,USD
1316,760,2023-08-13,9,789.14,USD
1317,296,2023-11-19,2,874.41,EUR
1318,584,2024-02-14,8,619.87,USD
1319,73,2023-12-07,9,207.75,USD
1320,749,2023-10-29,8,388.48,USD
1321,367,2024-01-26,7,661.09,GBP
1322,975,2023-10-02,7,653.81,EUR
1323,94,2023-08-17,9,751.65,GBP
1324,792,2023-08-27,5,245.6,USD
1325,304,2024-02-09,7,509.85,GBP
1326,674,2023-01-29,2,786.76,EUR
1327,914,2023-07-25,5,860.39,USD
1328,1,2024-02-21,3,374.94,GBP
1329,335,2023-09-21,6,478.4,RUB
1330,205,2023-09-12,7,367.65,USD
1331,960,2023-05-24,4,980.12,EUR
1332,951,2023-03-23,1,338.88,GBP
1333,627,2023-05-13,1,432.63,RUB
1334,281,2023-03-28,2,417.37,EUR
1335,508,2023-06-07,6,275.91,USD
1336,763,2023-11-20,5,646.31,GBP
1337,724,2023-05-01,1,394.84,GBP
1338,320,2023-03-15,4,550.81,RUB
1339,857,2023-09-22,1,312.31,RUB
1340,688,2024-02-14,8,688.63,USD
1341,659,2024-02-29,10,303.57,RUB
1342,819,2023-08-24,1,29.03,GBP
1343,156,2023-09-20,2,624.51,EUR
1344,832,2024-01-13,10,351.24,EUR
1345,979,2023-09-09,2,708.25,EUR
1346,444,2023-01-10,10,288.24,EUR
1347,8,2024-01-01,4,497.66,GBP
1348,239,2023-01-22,10,17.62,USD
1349,475,2023-06-14,3,140.75,EUR
1350,620,2023-06-12,4,248.31,RUB
1351,623,2023-06-15,10,539.53,EUR
1352,254,2024-01-29,4,533.87,RUB
1353,566,2023-04-11,9,904.7,USD
1354,208,2023-11-14,7,333.79,GBP
1355,103,2023-09-25,10,105.31,EUR
1356,515,2024-01-19,3,676.56,USD
1357,399,2023-08-03,5,410.92,RUB
1358,72,2023-12-05,4,718.93,GBP
1359,864,2023-12-21,4,791.36,USD
1360,616,2024-02-23,4,699.51,EUR
1361,90,2023-03-28,8,685.11,EUR
1362,440,2023-08-30,3,936.14,GBP
1363,488,2023-04-13,8,155.23,EUR
1364,778,2023-02-26,9,594.06,RUB
1365,406,2024-01-10,10,400.99,GBP
1366,327,2023-07-14,3,839.66,GBP
1367,35,2023-03-29,4,933.94,USD
1368,756,2023-11-26,6,678.39,GBP
1369,456,2023-02-09,6,502.13,EUR
1370,46,2023-07-23,9,488.46,RUB
1371,915,2023-10-12,10,101.05,EUR
1372,576,2023-11-13,9,786.07,EUR
1373,797,2023-01-31,8,818.01,EUR
1374,10,2023-09-21,6,667.02,EUR
1375,380,2023-09-30,9,94.6,GBP
1376,241,2023-01-24,6,242.83,EUR
1377,225,2023-02-12,5,728.35,USD
1378,541,2023-09-29,1,218.83,GBP
1379,150,2023-05-22,2,631.13,RUB
1380,325,2023-01-07,1,67.49,USD
1381,659,2023-03-20,9,667.31,EUR
1382,870,2023-07-11,8,620.55,RUB
1383,999,2023-01-29,10,407.13,GBP
1384,92,2023-01-01,9,781.52,GBP
1385,187,2023-08-21,1,490.42,GBP
1386,354,2024-01-19,1,329.59,USD
1387,332,2023-12-26,5,315.75,USD
1388,643,2023-12-10,1,526.2,RUB
1389,175,2023-06-24,6,19.49,GBP
1390,646,2023-08-11,4,126.29,EUR
1391,397,2023-05-20,9,311.61,USD
1392,862,2023-06-02,8,999.97,RUB
1393,671,2023-06-21,3,127.76,RUB
1394,902,2023-04-28,10,640.99,EUR
1395,811,2023-11-15,6,366.63,USD
1396,488,2023-09-02,2,920.66,EUR
1397,418,2023-02-02,3,431.89,EUR
1398,954,2024-02-04,1,983.79,EUR
1399,836,2024-01-15,10,577.36,USD
1400,991,2023-04-05,5,59.14,RUB
1401,620,2023-03-29,9,483.02,USD
1402,173,2023-08-11,9,194.73,GBP
1403,31,2023-03-08,3,899.93,EUR
1404,993,2023-08-20,2,578.39,USD
1405,680,2023-05-22,4,574.45,GBP
1406,855,2023-01-19,4,101.33,GBP
1407,944,2023-09-06,5,852.25,GBP
1408,918,2023-06-23,1,807.14,EUR
1409,292,2023-08-10,10,89.73,GBP
1410,2,2023-05-22,2,679.75,RUB
1411,405,2023-02-16,7,690.15,EUR
1412,551,2023-01-17,2,928.51,EUR
1413,288,2023-01-27,1,54.61,USD
1414,613,2023-11-03,6,915.7,USD
1415,503,2023-12-08,6,894.4,USD
1416,610,2023-02-04,2,805.18,GBP
1417,87,2023-11-20,3,154.63,GBP
1418,14,2023-03-07,7,259.19,USD
1419,414,2023-09-19,7,636.57,USD
1420,355,2023-11-21,2,628.26,USD
1421,165,2023-03-05,8,382.73,RUB
1422,269,2023-03-01,3,101.49,GBP
1423,323,2024-01-24,5,126.74,USD
1424,15,2024-01-11,10,539.35,EUR
1425,489,2023-11-16,2,147.39,USD
1426,454,2023-12-18,9,871.73,RUB
1427,776,2024-01-17,8,197.95,EUR
1428,248,2023-06-23,6,860.0,EUR
1429,578,2023-11-30,5,655.1,EUR
1430,396,2024-02-03,4,592.82,EUR
1431,467,2023-05-30,4,17.05,EUR
1432,296,2023-09-07,10,19.09,GBP
1433,72,2023-05-01,1,724.55,RUB
1434,416,2023-08-17,3,604.53,RUB
1435,930,2023-05-10,8,756.33,RUB
1436,214,2023-07-05,3,243.36,RUB
1437,964,2024-01-28,3,574.74,GBP
1438,457,2023-09-09,4,835.69,RUB
1439,843,2023-09-17,2,946.72,RUB
1440,992,2023-05-18,1,805.2,RUB
1441,301,2023-04-09,9,581.64,EUR
1442,982,2023-01-17,2,354.68,USD
1443,375,2024-01-21,4,762.04,USD
1444,730,2024-01-01,10,432.67,USD
1445,727,2023-06-19,1,531.54,USD
1446,876,2023-06-10,6,836.52,RUB
1447,442,2023-10-16,2,334.8,USD
1448,913,2023-05-18,7,692.62,GBP
1449,370,2023-06-19,9,809.98,RUB
1450,7,2023-11-12,8,349.54,EUR
1451,496,2023-12-12,1,710.11,USD
1452,797,2024-01-23,9,978.39,RUB
1453,978,2023-11-10,9,305.26,USD
1454,796,2023-06-12,4,930.61,EUR
1455,354,2023-01-22,8,253.22,USD
1456,853,2023-12-18,6,705.92,RUB
1457,406,2023-09-06,1,844.82,USD
1458,484,2023-12-02,10,359.62,EUR
1459,902,2023-04-02,8,71.39,RUB
1460,553,2023-05-14,7,585.59,EUR
1461,874,2023-03-08,5,438.55,USD
1462,776,2023-01-22,3,97.09,RUB
1463,228,2023-04-05,9,17.82,GBP
1464,290,2023-07-24,4,381.59,RUB
1465,854,2023-05-03,3,638.11,EUR
1466,165,2023-07-14,9,929.77,USD
1467,607,2023-01-22,9,725.26,USD
1468,177,2023-05-25,9,859.33,GBP
1469,979,2023-08-28,6,847.49,GBP
1470,403,2023-03-21,2,294.98,EUR
1471,275,2024-01-01,8,667.64,RUB
1472,145,2023-07-02,3,534.66,RUB
1473,813,2023-04-14,5,353.18,USD
1474,844,2023-08-17,8,747.6,EUR
1475,758,2024-02-23,10,751.3,GBP
1476,825,2023-07-25,1,210.89,GBP
1477,138,2023-12-10,7,728.9,GBP
1478,477,2024-02-18,7,768.59,EUR
1479,488,2023-07-07,5,827.98,RUB
1480,844,2023-03-20,7,247.3,RUB
1481,960,2023-12-28,6,703.63,RUB
1482,924,2024-02-15,1,577.24,GBP
1483,421,2023-08-25,6,84.6,RUB
1484,937,2023-06-08,2,294.72,EUR
1485,274,2023-10-22,3,471.08,EUR
1486,902,2023-05-13,7,905.11,USD
1487,92,2023-11-25,6,336.01,RUB
1488,732,2024-02-18,5,534.51,EUR
1489,503,2023-02-05,2,155.38,USD
1490,961,2023-01-11,9,486.34,EUR
1491,883,2023-04-11,3,610.9,EUR
1492,644,2023-03-01,9,278.28,USD
1493,307,2023-10-19,10,356.62,RUB
1494,542,2024-02-18,4,488.42,RUB
1495,6,2024-02-21,7,442.58,RUB
1496,10,2023-08-29,4,740.36,USD
1497,902,2023-03-23,10,852.32,USD
1498,769,2023-02-19,5,510.35,RUB
1499,630,2023-11-12,9,787.76,GBP
1500,847,2023-03-10,5,260.41,USD
1501,452,2023-10-07,4,624.34,RUB
1502,937,2023-01-21,9,542.54,GBP
1503,452,2023-10-14,4,913.44,GBP
1504,448,2023-07-06,7,702.83,RUB
1505,701,2023-07-24,7,855.03,EUR
1506,304,2024-01-19,1,536.5,EUR
1507,397,2023-06-04,1,893.1,RUB
1508,842,2023-12-06,3,195.24,GBP
1509,974,2023-04-05,5,517.65,USD
1510,343,2023-04-09,6,578.83,GBP
1511,96,2023-05-07,10,269.58,USD
1512,531,2023-10-29,1,765.23,USD
1513,860,2024-01-11,3,650.88,GBP
1514,616,2024-02-05,1,872.18,USD
1515,507,2023-09-27,5,626.31,EUR
1516,888,2023-12-23,10,49.11,USD
1517,242,2023-10-28,7,65.69,USD
1518,946,2023-06-05,7,501.74,EUR
1519,408,2024-02-28,10,724.92,GBP
1520,156,2023-12-15,10,571.54,RUB
1521,792,2024-02-13,10,367.09,USD
1522,385,2023-02-01,5,734.15,USD
1523,740,2023-03-05,7,474.3,RUB
1524,430,2023-02-19,7,93.15,GBP
1525,330,2024-01-09,5,757.74,USD
1526,394,2023-03-03,5,39.85,EUR
1527,467,2023-02-20,5,711.0,EUR
1528,44,2024-01-29,7,543.8,RUB
1529,233,2024-02-09,7,185.86,USD
1530,862,2024-01-02,5,165.45,RUB
1531,678,2023-05-03,1,140.22,USD
1532,286,2023-12-01,7,648.86,USD
1533,396,2023-01-13,3,760.12,USD
1534,393,2023-12-25,2,175.97,USD
1535,281,2024-01-08,8,929.27,GBP
1536,956,2024-01-16,7,991.4,RUB
1537,492,2023-05-07,3,767.34,USD
1538,660,2023-06-19,9,385.19,GBP
1539,707,2024-02-14,6,490.16,GBP
1540,873,2023-12-18,3,422.63,GBP
1541,638,2023-05-09,6,504.88,RUB
1542,622,2023-12-11,4,997.53,GBP
1543,280,2023-05-05,3,287.78,EUR
1544,207,2023-09-08,1,646.39,EUR
1545,651,2023-04-16,3,432.28,GBP
1546,442,2023-04-11,6,132.67,EUR
1547,235,2023-04-13,2,565.01,USD
1548,706,2023-09-03,5,902.51,RUB
1549,622,2023-02-22,8,599.75,USD
1550,13,2023-07-27,8,190.77,RUB
1551,527,2023-10-07,5,409.06,USD
1552,500,2023-09-14,3,25.53,EUR
1553,816,2024-01-30,2,130.36,GBP
1554,875,2023-08-30,2,330.77,USD
1555,281,2023-09-26,6,623.18,USD
1556,472,2023-01-07,4,712.95,GBP
1557,146,2023-03-13,8,812.92,GBP
1558,214,2023-08-29,9,211.32,RUB
1559,811,2023-04-05,9,92.85,RUB
1560,495,2023-12-15,1,345.17,RUB
1561,113,2024-01-12,2,107.56,USD
1562,642,2023-04-26,8,432.55,GBP
1563,257,2023-08-26,2,469.68,RUB
1564,69,2023-11-04,10,779.21,GBP
1565,737,2023-11-14,4,485.02,USD
1566,920,2023-10-13,10,558.32,RUB
1567,396,2023-08-17,4,973.65,EUR
1568,786,2023-01-05,5,106.13,USD
1569,801,2023-03-26,6,636.64,RUB
1570,16,2023-02-28,3,727.13,GBP
1571,421,2023-05-21,3,54.49,USD
1572,407,2023-01-06,2,577.02,GBP
1573,680,2024-01-08,10,352.75,USD
1574,857,2023-04-26,6,458.37,GBP
1575,882,2023-12-29,10,367.45,EUR
1576,341,2023-01-03,7,912.03,RUB
1577,768,2023-07-07,5,222.13,EUR
1578,594,2023-04-03,3,410.8,RUB
1579,424,2023-01-16,7,105.31,USD
1580,252,2023-04-21,9,395.3,EUR
1581,981,2023-02-01,5,872.34,RUB
1582,258,2023-12-01,10,644.83,USD
1583,467,2024-01-15,9,219.32,USD
1584,386,2023-11-01,9,371.21,EUR
1585,113,2023-05-24,4,628.1,USD
1586,464,2023-02-24,5,398.79,EUR
1587,106,2023-12-29,6,851.6,GBP
1588,161,2023-03-27,5,138.92,RUB
1589,327,2023-02-05,3,121.95,GBP
1590,563,2023-07-27,1,679.6,GBP
1591,771,2023-12-22,7,674.65,GBP
1592,296,2023-03-17,7,478.14,EUR
1593,988,2024-02-01,8,949.15,RUB
1594,765,2023-07-28,8,835.84,EUR
1595,811,2024-02-09,6,183.32,EUR
1596,261,2023-07-28,9,778.48,EUR
1597,218,2023-11-27,2,809.5,GBP
1598,521,2023-07-28,5,444.31,GBP
1599,69,2023-12-25,9,646.98,GBP
1600,205,2023-10-18,8,952.55,USD
1601,4,2023-11-12,7,750.05,USD
1602,483,2023-10-25,9,890.94,RUB
1603,375,2024-01-16,9,19.59,EUR
1604,402,2023-10-15,2,199.86,USD
1605,966,2024-01-30,1,21.71,EUR
1606,790,2023-05-31,9,745.92,GBP
1607,114,2023-12-12,5,357.02,RUB
1608,755,2024-01-19,1,261.32,USD
1609,20,2023-05-18,5,43.75,GBP
1610,201,2023-12-06,4,136.8,GBP
1611,118,2023-07-28,2,692.84,USD
1612,681,2023-11-06,1,497.83,USD
1613,724,2023-10-30,10,851.15,USD
1614,659,2023-07-03,10,248.9,EUR
1615,527,2023-11-03,3,451.7,USD
1616,696,2023-02-24,2,348.17,RUB
1617,295,2023-03-10,3,59.46,USD
1618,257,2023-11-10,2,836.82,RUB
1619,850,2023-10-25,4,853.82,EUR
1620,689,2023-02-20,6,381.48,USD
1621,882,2023-11-01,4,694.45,RUB
1622,74,2023-05-01,4,202.25,RUB
1623,711,2023-12-01,3,557.09,EUR
1624,149,2023-10-21,10,659.53,RUB
1625,481,2023-05-29,4,914.31,GBP
1626,771,2023-09-03,1,727.69,EUR
1627,775,2023-08-23,3,953.51,GBP
1628,828,2023-08-08,8,898.09,EUR
1629,678,2023-03-01,6,451.62,USD
1630,252,2024-01-13,10,129.5,USD
1631,689,2023-05-30,2,221.2,EUR
1632,712,2023-05-01,10,704.25,RUB
1633,358,2023-09-30,7,736.87,USD
1634,992,2023-04-22,9,457.78,USD
1635,756,2024-01-04,5,926.45,EUR
1636,986,2023-07-07,7,910.65,RUB
1637,207,2024-01-09,2,118.44,RUB
1638,476,2023-10-04,7,750.96,EUR
1639,302,2023-08-30,5,416.51,GBP
1640,356,2023-12-31,2,912.94,USD
1641,66,2024-02-03,3,364.52,USD
1642,410,2023-02-23,3,940.69,GBP
1643,769,2023-11-09,3,205.38,USD
1644,508,2023-04-26,10,322.24,GBP
1645,575,2023-06-26,8,752.03,RUB
1646,767,2024-01-30,1,214.11,RUB
1647,140,2023-10-05,6,764.26,RUB
1648,995,2023-08-27,6,240.11,USD
1649,135,2023-05-20,10,320.02,USD
1650,119,2023-03-11,9,720.75,GBP
1651,260,2023-12-23,7,660.19,RUB
1652,871,2023-11-17,5,972.68,USD
1653,652,2023-04-30,2,187.66,RUB
1654,514,2024-01-20,10,242.14,RUB
1655,690,2023-02-06,4,540.67,EUR
1656,852,2023-09-03,5,842.06,RUB
1657,499,2023-05-28,8,226.27,EUR
1658,743,2023-01-30,9,286.51,USD
1659,384,2023-03-15,5,85.72,GBP
1660,481,2023-12-19,2,696.6,GBP
1661,735,2023-07-22,5,710.89,USD
1662,996,2023-07-01,7,530.06,EUR
1663,809,2023-11-11,5,302.38,EUR
1664,948,2023-07-04,9,897.06,USD
1665,533,2023-06-16,6,455.21,RUB
1666,664,2024-02-07,2,137.91,USD
1667,429,2023-03-12,7,631.81,GBP
1668,773,2023-12-21,9,848.61,EUR
1669,54,2023-01-02,5,425.49,EUR
1670,629,2023-07-07,3,777.84,USD
1671,271,2024-01-29,7,277.4,USD
1672,460,2024-02-13,5,679.6,EUR
1673,71,2023-10-01,4,182.32,RUB
1674,470,2023-02-19,4,654.47,RUB
1675,99,2023-10-20,9,485.92,GBP
1676,160,2023-01-23,2,435.98,USD
1677,24,2023-07-04,5,481.84,EUR
1678,339,2024-01-19,6,499.19,RUB
1679,23,2023-10-25,7,967.47,EUR
1680,925,2023-10-15,4,307.84,USD
1681,373,2023-07-13,7,778.05,USD
1682,918,2023-10-05,8,701.04,EUR
1683,963,2024-01-17,8,453.54,USD
1684,443,2023-12-21,5,816.59,GBP
1685,646,2023-12-23,6,180.37,USD
1686,625,2024-02-23,1,57.69,USD
1687,80,2023-06-17,8,959.96,RUB
1688,969,2023-09-24,10,535.6,EUR
1689,177,2024-01-09,4,808.53,GBP
1690,417,2023-12-02,7,322.25,USD
1691,502,2023-05-02,8,302.05,RUB
1692,884,2023-08-19,8,60.19,USD
1693,279,2023-06-02,1,471.87,GBP
1694,643,2023-11-13,8,911.01,EUR
1695,239,2023-09-04,10,153.8,USD
1696,121,2023-12-13,10,575.16,USD
1697,601,2023-12-14,7,640.02,EUR
1698,454,2023-12-13,3,757.54,USD
1699,101,2023-02-01,4,38.6,GBP
1700,797,2023-03-31,2,27.08,EUR
1701,838,2023-09-18,3,791.94,GBP
1702,706,2023-11-09,5,368.77,GBP
1703,83,2023-09-30,8,172.74,EUR
1704,74,2023-06-22,5,191.72,EUR
1705,256,2024-01-19,7,964.26,RUB
1706,236,2023-08-22,4,345.2,GBP
1707,880,2023-11-24,3,287.15,EUR
1708,666,2023-07-30,7,284.61,GBP
1709,969,2023-04-01,7,309.75,USD
1710,37,2023-07-17,2,33.5,EUR
1711,629,2023-09-20,1,237.99,USD
1712,442,2023-01-11,10,463.26,USD
1713,532,2023-11-29,9,382.76,USD
1714,340,2023-03-20,8,782.82,GBP
1715,403,2023-10-19,10,475.53,GBP
1716,671,2023-12-02,5,530.79,RUB
1717,959,2023-08-16,2,753.27,EUR
1718,361,2023-11-20,3,344.3,USD
1719,140,2023-05-08,9,951.54,RUB
1720,107,2023-05-21,9,810.02,GBP
1721,797,2023-03-16,8,944.26,EUR
1722,573,2023-01-01,10,246.15,RUB
1723,142,2023-11-14,1,161.42,GBP
1724,105,2024-02-21,4,768.63,GBP
1725,412,2023-08-01,3,238.89,RUB
1726,732,2023-01-14,9,632.01,USD
1727,41,2023-11-04,9,869.86,GBP
1728,423,2023-09-22,7,867.29,EUR
1729,361,2023-05-26,10,755.15,USD
1730,645,2023-12-25,1,198.76,EUR
1731,755,2023-07-22,5,502.06,USD
1732,276,2024-01-01,2,133.02,RUB
1733,406,2023-10-27,5,225.04,EUR
1734,984,2023-10-06,1,622.46,GBP
1735,721,2023-07-09,10,163.52,EUR
1736,113,2024-02-13,1,194.74,GBP
1737,60,2023-12-06,7,407.33,EUR
1738,336,2023-12-08,1,485.34,GBP
1739,412,2024-02-14,9,771.19,RUB
1740,418,2024-02-29,9,667.74,EUR
1741,946,2023-08-28,6,797.91,USD
1742,919,2023-07-29,3,530.5,RUB
1743,516,2023-07-09,1,559.68,GBP
1744,719,2023-07-24,7,232.06,USD
1745,420,2023-12-04,8,417.38,USD
1746,921,2023-10-20,7,971.3,EUR
1747,171,2023-05-15,8,11.8,GBP
1748,685,2023-02-10,5,199.07,USD
1749,639,2023-03-30,4,938.2,GBP
1750,281,2023-11-17,7,878.79,EUR
1751,777,2023-09-18,4,530.95,USD
1752,790,2023-06-24,9,937.53,RUB
1753,478,2023-08-04,7,631.12,RUB
1754,698,2023-04-18,5,134.4,RUB
1755,958,2023-02-19,1,246.21,GBP
1756,98,2023-03-17,7,232.18,USD
1757,324,2024-02-25,2,957.1,GBP
1758,442,2023-04-12,6,719.78,EUR
1759,891,2023-08-13,3,679.88,USD
1760,718,2023-09-16,6,474.37,EUR
1761,904,2023-11-05,7,484.08,USD
1762,803,2023-03-22,6,12.84,GBP
1763,80,2023-05-05,3,116.23,EUR
1764,989,2023-03-17,5,35.48,EUR
1765,232,2023-05-12,3,877.79,USD
1766,691,2024-01-20,2,941.61,GBP
1767,38,2023-03-07,8,561.72,EUR
1768,925,2023-12-12,4,82.62,GBP
1769,531,2023-12-18,4,349.74,USD
1770,699,2023-05-19,8,603.31,USD
1771,965,2024-01-21,1,168.37,RUB
1772,55,2023-11-26,1,886.13,RUB
1773,677,2023-02-20,3,229.97,GBP
1774,139,2023-06-28,5,160.1,EUR
1775,927,2023-09-11,10,506.7,USD
1776,294,2023-05-15,4,375.59,RUB
1777,907,2023-01-07,2,651.18,GBP
1778,171,2024-01-02,10,392.12,EUR
1779,982,2023-01-22,1,215.68,EUR
1780,653,2023-09-23,2,137.31,EUR
1781,544,2023-09-09,6,904.36,GBP
1782,325,2023-11-09,4,393.42,EUR
1783,106,2023-10-02,6,79.05,GBP
1784,815,2023-07-27,1,570.76,USD
1785,244,2023-03-02,3,496.61,GBP
1786,596,2023-12-08,1,154.91,RUB
1787,824,2023-11-03,8,881.08,RUB
1788,884,2023-11-24,5,801.99,RUB
1789,232,2023-12-16,5,804.55,EUR
1790,314,2023-04-08,6,925.9,EUR
1791,196,2023-02-12,2,227.78,RUB
1792,136,2023-08-01,1,898.92,EUR
1793,253,2024-01-04,3,902.57,GBP
1794,419,2023-02-10,3,950.97,RUB
1795,688,2023-07-09,6,42.12,RUB
1796,514,2023-11-07,5,809.06,RUB
1797,470,2023-10-01,4,609.92,EUR
1798,121,2023-08-21,4,986.52,GBP
1799,345,2023-10-27,2,643.31,RUB
1800,243,2023-07-01,10,667.42,GBP
1801,178,2023-04-22,6,952.93,RUB
1802,880,2023-10-05,2,70.94,USD
1803,534,2023-11-18,2,599.64,EUR
1804,517,2023-05-30,6,952.39,RUB
1805,695,2024-02-22,8,865.34,GBP
1806,645,2023-07-01,8,614.65,RUB
1807,206,2023-10-20,7,562.78,EUR
1808,68,2023-02-07,5,968.76,RUB
1809,148,2023-07-19,9,576.65,GBP
1810,775,2023-01-20,8,396.82,EUR
1811,718,2023-04-20,5,461.17,EUR
1812,504,2023-11-08,3,447.7,USD
1813,469,2023-06-10,8,50.77,USD
1814,276,2023-06-19,9,274.96,EUR
1815,422,2023-08-25,4,49.57,GBP
1816,465,2023-03-01,7,945.9,USD
1817,603,2023-06-23,4,668.88,USD
1818,174,2023-10-21,6,857.55,GBP
1819,706,2023-08-14,2,387.41,RUB
1820,645,2024-02-15,4,11.19,EUR
1821,919,2023-07-04,9,897.78,EUR
1822,619,2024-02-27,4,258.57,GBP
1823,504,2023-09-24,3,685.13,EUR
1824,645,2023-11-07,4,454.64,EUR
1825,708,2023-11-11,3,974.35,USD
1826,328,2023-04-03,4,840.8,USD
1827,262,2023-03-26,8,173.24,EUR
1828,150,2023-08-21,6,788.4,EUR
1829,191,2023-05-18,7,487.08,RUB
1830,524,2023-11-25,9,443.99,USD
1831,727,2023-12-30,1,186.17,EUR
1832,739,2023-03-22,4,293.87,GBP
1833,860,2023-08-01,6,535.57,USD
1834,603,2024-02-16,6,605.45,GBP
1835,357,2023-06-19,8,378.95,EUR
1836,85,2023-08-16,4,395.72,USD
1837,597,2023-11-12,8,981.22,GBP
1838,322,2023-08-31,5,526.53,EUR
1839,791,2023-01-27,9,834.39,GBP
1840,269,2023-02-07,5,95.69,GBP
1841,246,2023-07-25,8,28.58,RUB
1842,687,2023-08-14,3,881.13,GBP
1843,200,2023-10-22,6,417.01,RUB
1844,899,2023-04-11,3,988.04,RUB
1845,541,2023-06-15,2,389.26,RUB
1846,637,2023-11-20,3,533.4,EUR
1847,990,2023-04-04,3,699.17,RUB
1848,701,2023-11-25,10,538.59,USD
1849,626,2023-09-05,9,279.82,GBP
1850,186,2023-10-18,10,345.56,RUB
1851,302,2023-10-11,8,781.28,RUB
1852,917,2023-03-07,8,163.74,GBP
1853,601,2023-07-25,6,567.92,EUR
1854,876,2024-01-17,4,907.02,EUR
1855,955,2023-08-14,10,65.49,GBP
1856,271,2023-08-05,4,732.8,USD
1857,52,2023-03-27,8,75.46,USD
1858,421,2023-08-13,3,240.04,RUB
1859,541,2023-10-03,7,557.74,USD
1860,572,2023-08-10,4,762.6,USD
1861,694,2023-08-04,4,982.63,EUR
1862,765,2023-07-20,4,604.56,EUR
1863,386,2024-01-23,2,523.94,USD
1864,51,2024-01-10,10,861.59,RUB
1865,565,2023-11-15,8,593.7,GBP
1866,504,2023-04-04,1,145.93,USD
1867,484,2023-11-29,8,556.79,RUB
1868,994,2024-01-24,10,64.98,RUB
1869,253,2023-10-31,3,901.01,USD
1870,208,2024-01-25,3,958.73,USD
1871,57,2024-01-28,7,773.92,USD
1872,153,2023-09-02,7,42.32,RUB
1873,564,2024-02-03,3,933.51,GBP
1874,530,2024-02-14,3,728.34,USD
1875,609,2024-02-09,4,966.84,EUR
1876,906,2023-03-13,7,381.25,GBP
1877,830,2023-02-20,2,114.12,EUR
1878,935,2023-02-27,8,738.98,GBP
1879,488,2023-05-14,3,625.08,EUR
1880,414,2023-06-16,10,78.22,RUB
1881,855,2023-07-12,10,99.87,GBP
1882,320,2023-07-15,5,765.88,USD
1883,401,2023-06-24,4,64.99,EUR
1884,148,2024-02-10,10,382.27,USD
1885,166,2023-09-02,9,297.03,USD
1886,71,2023-06-28,10,988.18,EUR
1887,619,2023-07-10,5,720.16,RUB
1888,242,2023-01-15,6,506.07,USD
1889,899,2023-02-20,9,457.39,USD
1890,602,2023-05-21,8,379.22,GBP
1891,408,2023-07-21,6,557.35,USD
1892,477,2023-09-03,8,481.92,RUB
1893,805,2023-04-21,8,702.56,RUB
1894,918,2024-01-03,10,762.77,USD
1895,549,2023-07-28,4,612.72,USD
1896,62,2023-12-09,3,869.34,EUR
1897,720,2023-07-05,8,596.16,USD
1898,126,2023-03-09,8,760.9,GBP
1899,127,2023-02-03,6,21.18,GBP
1900,315,2024-02-12,9,259.94,GBP
1901,131,2023-04-15,9,359.58,GBP
1902,481,2023-06-19,9,484.74,RUB
1903,528,2024-01-09,10,974.44,GBP
1904,504,2023-05-08,7,159.14,GBP
1905,38,2023-03-13,10,733.43,GBP
1906,389,2023-09-15,9,776.21,GBP
1907,995,2024-02-03,4,224.15,RUB
1908,322,2023-10-14,6,454.0,EUR
1909,659,2023-12-09,4,163.03,EUR
1910,410,2023-08-19,1,936.97,RUB
1911,844,2023-03-17,2,172.8,EUR
1912,2,2023-09-04,8,924.46,EUR
1913,18,2024-01-31,5,123.07,USD
1914,814,2023-01-19,3,558.73,EUR
1915,385,2024-01-05,8,147.11,GBP
1916,606,2023-04-17,9,977.21,GBP
1917,567,2023-01-24,1,578.84,RUB
1918,632,2023-07-05,7,618.03,EUR
1919,622,2024-01-06,8,257.4,GBP
1920,408,2023-09-02,2,363.85,RUB
1921,727,2023-12-26,1,800.34,GBP
1922,882,2024-01-07,3,467.33,RUB
1923,329,2023-09-05,4,867.42,EUR
1924,512,2023-02-06,3,316.93,RUB
1925,46,2023-07-24,2,521.16,GBP
1926,828,2023-08-28,4,557.17,EUR
1927,728,2023-11-04,10,130.28,EUR
1928,216,2023-11-27,10,313.7,EUR
1929,865,2023-03-11,8,222.28,EUR
1930,464,2023-10-07,10,322.52,USD
1931,212,2023-01-19,1,126.36,EUR
1932,159,2023-07-19,4,893.1,EUR
1933,670,2023-02-11,1,849.46,EUR
1934,536,2023-01-10,8,379.83,USD
1935,602,2024-01-30,5,78.91,RUB
1936,469,2023-09-09,3,125.49,RUB
1937,238,2023-04-01,2,802.62,GBP
1938,612,2024-01-18,6,406.11,EUR
1939,822,2023-01-21,10,741.55,GBP
1940,400,2024-01-29,5,941.54,EUR
1941,494,2023-07-10,2,666.14,USD
1942,38,2023-01-15,7,375.39,EUR
1943,929,2023-08-12,6,444.88,USD
1944,705,2023-03-16,3,15.41,USD
1945,713,2023-01-17,1,622.88,EUR
1946,609,2023-12-29,4,926.95,RUB
1947,328,2023-09-21,7,555.39,USD
1948,364,2024-02-23,7,87.68,USD
1949,254,2023-02-07,2,211.7,EUR
1950,317,2023-09-08,6,442.02,EUR
1951,265,2023-03-01,10,578.1,EUR
1952,673,2024-02-13,9,254.38,RUB
1953,864,2023-08-20,3,67.53,USD
1954,53,2023-08-19,2,366.8,GBP
1955,374,2023-10-16,8,510.57,RUB
1956,831,2023-01-08,7,904.1,GBP
1957,860,2023-03-07,8,227.59,RUB
1958,140,2023-01-13,2,239.5,GBP
1959,905,2023-12-25,1,220.02,EUR
1960,671,2023-01-29,9,609.32,GBP
1961,362,2023-05-14,4,729.73,EUR
1962,816,2023-07-06,5,32.22,GBP
1963,375,2023-07-18,1,150.84,EUR
1964,802,2024-02-28,8,276.61,USD
1965,208,2023-03-13,1,204.16,GBP
1966,225,2023-03-22,9,99.35,USD
1967,330,2023-06-10,3,666.84,RUB
1968,846,2023-06-03,1,783.98,EUR
1969,878,2023-05-07,3,550.44,RUB
1970,303,2023-02-27,5,377.83,GBP
1971,537,2023-12-23,8,552.95,GBP
1972,339,2023-12-26,4,355.33,USD
1973,924,2023-07-25,3,428.74,USD
1974,180,2023-05-27,6,216.68,USD
1975,741,2023-05-31,6,661.59,EUR
1976,924,2023-05-04,7,140.87,EUR
1977,298,2023-10-15,1,65.56,EUR
1978,326,2023-07-11,6,523.3,RUB
1979,109,2023-12-31,4,383.55,GBP
1980,71,2024-02-22,8,615.65,USD
1981,186,2023-09-15,9,236.83,USD
1982,733,2023-11-15,7,31.4,EUR
1983,94,2023-12-16,1,245.47,RUB
1984,141,2023-03-18,9,270.05,EUR
1985,837,2023-12-30,5,557.73,RUB
1986,575,2023-11-09,5,360.02,USD
1987,283,2023-08-30,5,84.46,RUB
1988,949,2023-05-17,5,495.48,EUR
1989,819,2023-05-13,4,93.61,EUR
1990,386,2023-02-07,6,735.6,USD
1991,744,2023-07-03,8,78.37,GBP
1992,43,2023-02-03,8,591.37,USD
1993,516,2023-12-17,5,66.74,RUB
1994,257,2023-01-13,8,599.97,USD
1995,341,2023-11-11,4,713.06,USD
1996,202,2024-01-10,9,526.53,USD
1997,555,2023-01-01,3,201.02,RUB
1998,716,2023-05-30,1,325.19,GBP
1999,788,2023-12-27,7,221.71,USD
2000,383,2023-08-27,9,805.48,USD
2001,547,2023-04-01,4,968.25,EUR
2002,532,2023-12-08,8,709.64,USD
2003,247,2023-10-05,8,765.35,RUB
2004,302,2023-12-04,5,104.01,EUR
2005,289,2023-11-04,1,59.59,EUR
2006,36,2023-03-12,3,318.98,EUR
2007,636,2023-08-12,10,471.74,EUR
2008,857,2023-07-22,2,718.97,GBP
2009,949,2023-09-26,8,928.36,RUB
2010,486,2024-02-25,7,353.25,USD
2011,648,2023-07-27,6,710.13,USD
2012,820,2024-02-19,9,144.08,RUB
2013,52,2023-09-04,1,70.64,USD
2014,780,2023-02-27,1,757.29,GBP
2015,226,2024-01-05,4,523.38,USD
2016,59,2023-11-08,9,366.06,GBP
2017,337,2023-08-05,3,201.74,USD
2018,815,2023-01-19,1,540.54,RUB
2019,50,2023-09-06,5,200.57,EUR
2020,765,2024-01-03,9,33.96,USD
2021,326,2023-12-28,8,51.44,EUR
2022,43,2023-02-01,6,187.07,RUB
2023,335,2023-08-30,5,539.94,USD
2024,921,2024-01-02,2,556.54,USD
2025,214,2024-01-16,5,890.4,RUB
2026,540,2024-02-15,2,725.06,USD
2027,662,2024-02-25,1,347.73,USD
2028,897,2023-02-17,6,265.59,EUR
2029,968,2024-02-29,2,208.08,GBP
2030,778,2023-03-30,5,953.25,EUR
2031,598,2023-05-25,5,845.27,USD
2032,257,2023-11-15,1,849.18,GBP
2033,605,2023-02-10,3,78.49,EUR
2034,314,2023-07-09,1,594.69,GBP
2035,111,2023-12-22,1,774.99,RUB
2036,443,2023-11-01,9,716.35,GBP
2037,898,2023-09-11,5,213.8,EUR
2038,464,2024-01-14,8,578.24,EUR
2039,379,2023-11-07,3,556.21,EUR
2040,132,2024-02-16,9,936.5,RUB
2041,531,2023-03-31,5,269.14,EUR
2042,974,2023-12-29,8,206.23,RUB
2043,125,2023-04-14,1,422.34,USD
2044,465,2023-04-19,10,217.95,GBP
2045,267,2023-07-09,9,446.94,EUR
2046,282,2023-12-08,9,872.97,RUB
2047,960,2023-09-15,7,904.51,EUR
2048,598,2023-04-08,5,141.68,GBP
2049,283,2023-03-23,1,437.68,GBP
2050,74,2023-10-20,9,494.42,EUR
2051,563,2023-07-05,8,693.91,GBP
2052,289,2023-03-15,5,661.33,USD
2053,893,2023-11-17,5,525.55,EUR
2054,212,2023-02-03,4,121.99,EUR
2055,124,2023-11-28,3,367.31,GBP
2056,999,2023-10-23,7,163.1,RUB
2057,98,2023-06-29,3,572.98,EUR
2058,722,2024-01-29,6,281.66,RUB
2059,158,2023-03-23,10,968.79,GBP
2060,607,2024-02-29,2,934.55,EUR
2061,229,2023-05-23,7,235.03,RUB
2062,603,2023-05-20,3,52.04,GBP
2063,927,2023-06-12,2,911.76,RUB
2064,396,2023-03-03,2,623.95,USD
2065,242,2023-05-08,7,237.39,EUR
2066,716,2023-10-22,3,637.56,GBP
2067,552,2023-05-12,3,965.13,USD
2068,473,2023-05-09,4,791.15,GBP
2069,20,2023-03-08,3,660.95,GBP
2070,263,2023-09-23,4,346.67,EUR
2071,695,2023-12-24,1,347.92,EUR
2072,340,2023-04-11,2,815.27,GBP
2073,292,2024-02-26,6,874.83,USD
2074,696,2023-12-15,1,53.82,USD
2075,777,2023-07-07,3,545.94,EUR
2076,567,2023-08-02,9,510.89,EUR
2077,856,2023-12-28,4,277.22,RUB
2078,175,2023-03-04,1,981.12,USD
2079,14,2023-09-25,4,888.75,GBP
2080,409,2023-03-11,4,825.07,RUB
2081,714,2023-08-14,5,458.41,RUB
2082,567,2023-03-22,10,335.02,EUR
2083,602,2023-06-23,3,409.71,RUB
2084,262,2023-04-30,2,205.66,GBP
2085,642,2023-11-24,4,193.58,RUB
2086,157,2023-11-20,2,879.41,USD
2087,568,2023-05-27,5,467.91,RUB
2088,303,2023-06-07,5,519.12,RUB
2089,612,2023-05-09,8,836.56,USD
2090,957,2023-10-31,3,768.87,GBP
2091,479,2023-03-05,4,695.64,USD
2092,11,2023-10-13,2,272.12,EUR
2093,1,2023-09-20,4,302.89,EUR
2094,896,2023-11-11,5,51.85,USD
2095,757,2023-02-14,3,534.58,USD
2096,19,2024-01-04,9,53.83,USD
2097,18,2023-06-08,5,330.56,RUB
2098,572,2024-02-27,3,132.05,GBP
2099,846,2023-02-22,7,39.25,RUB
2100,753,2023-11-15,7,999.0,GBP
2101,378,2023-12-28,2,213.29,USD
2102,671,2023-04-09,3,506.0,EUR
2103,350,2023-05-28,8,364.0,EUR
2104,69,2023-07-25,4,557.0,RUB
2105,869,2024-02-13,7,371.32,GBP
2106,353,2023-12-24,8,947.15,USD
2107,366,2023-12-23,2,457.67,EUR
2108,32,2023-09-18,10,905.45,EUR
2109,22,2024-01-25,6,325.32,GBP
2110,967,2023-08-25,9,518.11,RUB
2111,461,2024-01-23,6,473.27,GBP
2112,265,2023-02-17,9,630.46,USD
2113,450,2023-03-22,3,357.8,GBP
2114,913,2023-11-09,10,399.68,RUB
2115,206,2023-11-06,4,877.86,EUR
2116,618,2023-11-19,8,633.83,RUB
2117,497,2023-07-14,2,411.1,RUB
2118,620,2023-12-16,7,665.83,GBP
2119,866,2023-01-18,9,106.98,GBP
2120,896,2023-02-28,9,984.14,GBP
2121,615,2023-04-05,10,894.7,GBP
2122,762,2024-02-11,7,170.8,GBP
2123,454,2024-01-03,6,166.92,GBP
2124,836,2023-10-24,7,922.24,USD
2125,427,2023-04-25,5,104.08,GBP
2126,343,2023-08-09,5,59.37,USD
2127,370,2023-05-05,2,450.81,GBP
2128,826,2023-07-01,8,269.93,EUR
2129,11,2023-12-19,6,332.78,USD
2130,314,2023-11-30,1,373.99,GBP
2131,135,2023-08-07,2,372.84,EUR
2132,410,2023-07-24,3,37.24,EUR
2133,711,2023-05-31,2,908.48,GBP
2134,815,2023-05-17,7,141.69,USD
2135,578,2023-09-17,3,29.49,GBP
2136,967,2023-01-21,10,522.11,RUB
2137,412,2023-07-22,1,434.87,RUB
2138,84,2023-05-05,1,650.21,GBP
2139,214,2023-02-06,8,507.43,EUR
2140,676,2024-01-22,9,549.46,EUR
2141,940,2023-06-28,3,726.86,GBP
2142,26,2024-01-27,4,273.19,RUB
2143,654,2024-01-06,10,415.9,EUR
2144,25,2023-06-25,10,802.05,USD
2145,934,2023-10-02,10,534.3,RUB
2146,92,2023-05-29,3,766.33,EUR
2147,458,2023-04-25,7,944.23,USD
2148,695,2023-05-17,5,429.52,USD
2149,573,2023-08-15,1,370.6,USD
2150,62,2024-01-18,6,720.52,EUR
2151,378,2023-09-23,4,90.24,RUB
2152,854,2024-02-23,2,500.75,RUB
2153,875,2023-05-07,9,137.48,USD
2154,248,2023-11-03,4,369.88,RUB
2155,753,2024-02-07,2,146.84,RUB
2156,892,2023-07-18,4,464.11,RUB
2157,290,2023-03-26,4,96.59,RUB
2158,656,2023-08-30,4,968.45,GBP
2159,443,2023-05-21,8,584.88,GBP
2160,166,2023-10-11,8,789.57,USD
2161,562,2023-07-28,3,233.59,RUB
2162,551,2024-02-25,7,314.03,GBP
2163,834,2023-05-31,7,965.02,USD
2164,386,2024-02-29,10,182.16,GBP
2165,987,2024-02-16,1,812.6,USD
2166,166,2023-11-08,6,644.16,USD
2167,377,2023-10-11,8,708.36,EUR
2168,563,2023-07-22,4,808.36,USD
2169,347,2023-02-14,6,963.31,USD
2170,567,2023-01-06,1,228.58,GBP
2171,315,2023-03-07,5,354.71,RUB
2172,673,2023-06-01,5,360.3,EUR
2173,740,2024-02-12,7,617.27,USD
2174,147,2023-07-21,4,452.39,USD
2175,967,2023-12-18,1,294.44,RUB
2176,383,2024-02-29,2,649.64,USD
2177,180,2024-01-05,6,638.57,RUB
2178,936,2023-12-23,8,661.45,RUB
2179,478,2023-03-12,7,71.41,EUR
2180,441,2023-07-12,7,724.95,RUB
2181,587,2024-01-01,8,989.26,EUR
2182,719,2023-07-20,6,124.3,GBP
2183,508,2023-11-09,10,266.94,USD
2184,416,2023-11-16,9,839.32,USD
2185,849,2023-09-23,4,557.91,GBP
2186,692,2023-10-02,2,187.14,RUB
2187,637,2023-11-18,8,748.49,EUR
2188,990,2024-01-28,1,114.54,EUR
2189,586,2023-04-13,4,791.8,GBP
2190,749,2023-11-09,2,592.8,GBP
2191,347,2024-02-01,6,295.3,USD
2192,749,2023-11-13,6,961.08,RUB
2193,124,2023-10-10,3,583.98,USD
2194,415,2023-01-15,1,728.16,USD
2195,309,2023-04-12,6,849.88,USD
2196,856,2023-01-03,3,786.39,USD
2197,858,2023-05-15,3,111.63,EUR
2198,411,2024-02-01,10,411.16,GBP
2199,824,2023-01-23,8,806.07,GBP
2200,736,2023-10-22,1,884.99,EUR
2201,89,2023-08-12,3,705.3,GBP
2202,988,2024-01-08,10,161.52,USD
2203,908,2023-07-29,6,445.59,EUR
2204,340,2024-02-08,9,485.98,EUR
2205,295,2023-06-24,8,423.24,GBP
2206,550,2023-01-15,10,741.81,RUB
2207,297,2023-10-13,3,334.99,GBP
2208,328,2024-02-13,6,933.98,USD
2209,744,2023-07-06,3,503.72,RUB
2210,61,2024-02-22,10,503.56,EUR
2211,748,2023-10-24,10,395.84,USD
2212,570,2023-07-12,7,620.16,USD
2213,905,2024-02-28,8,659.43,GBP
2214,104,2023-02-17,5,86.24,USD
2215,597,2023-07-24,4,672.25,EUR
2216,614,2023-02-11,10,383.87,EUR
2217,195,2023-04-27,7,183.69,GBP
2218,468,2023-01-12,6,596.67,EUR
2219,987,2023-02-17,1,969.03,EUR
2220,138,2023-06-03,9,937.23,RUB
2221,743,2023-02-05,1,528.27,RUB
2222,266,2023-06-22,10,544.39,USD
2223,936,2023-10-31,2,295.02,GBP
2224,1000,2023-02-14,5,548.22,EUR
2225,875,2023-04-25,6,810.56,EUR
2226,723,2023-08-25,7,654.34,GBP
2227,143,2023-06-11,1,990.4,RUB
2228,40,2023-02-26,7,374.73,GBP
2229,220,2024-01-03,10,324.67,USD
2230,296,2023-06-28,10,757.16,RUB
2231,885,2023-08-13,4,93.9,EUR
2232,318,2024-01-04,3,204.39,GBP
2233,530,2023-01-06,2,838.55,RUB
2234,588,2023-04-15,8,656.28,RUB
2235,39,2023-12-29,5,338.87,GBP
2236,853,2024-02-28,9,500.5,GBP
2237,800,2024-01-30,4,351.52,EUR
2238,526,2023-06-14,6,910.71,EUR
2239,586,2023-05-16,10,97.54,GBP
2240,953,2023-06-15,9,738.07,GBP
2241,956,2023-05-28,2,749.75,GBP
2242,187,2024-01-29,4,933.08,USD
2243,236,2023-09-10,9,20.0,GBP
2244,731,2023-04-25,5,576.08,EUR
2245,616,2023-02-08,10,822.04,RUB
2246,669,2024-01-10,1,333.93,USD
2247,654,2023-09-28,2,870.77,USD
2248,430,2023-04-08,5,580.22,GBP
2249,153,2024-02-03,6,149.94,EUR
2250,367,2023-09-03,2,160.36,GBP
2251,859,2023-09-16,4,625.97,EUR
2252,904,2023-08-07,6,932.99,RUB
2253,995,2023-10-22,3,253.34,USD
2254,26,2023-07-24,4,81.09,GBP
2255,916,2023-07-01,6,820.29,GBP
2256,368,2023-01-13,6,894.63,GBP
2257,473,2024-01-01,3,936.43,RUB
2258,187,2023-07-04,7,409.83,USD
2259,382,2023-10-04,8,980.48,GBP
2260,927,2023-07-21,8,37.37,USD
2261,433,2023-05-11,9,231.88,GBP
2262,767,2023-09-13,1,298.47,EUR
2263,256,2023-11-19,3,213.47,GBP
2264,400,2023-03-15,7,169.23,EUR
2265,597,2023-08-25,1,736.96,RUB
2266,358,2023-06-25,7,833.15,GBP
2267,721,2023-10-18,5,233.7,GBP
2268,30,2023-01-24,7,20.02,GBP
2269,917,2023-04-30,1,448.03,RUB
2270,82,2023-02-25,1,550.32,GBP
2271,88,2023-05-31,2,442.67,EUR
2272,459,2023-06-06,1,901.3,RUB
2273,104,2023-11-22,4,314.54,EUR
2274,292,2023-05-07,5,154.51,GBP
2275,321,2023-04-23,10,877.17,RUB
2276,936,2023-12-25,2,79.05,GBP
2277,940,2023-12-12,5,203.47,USD
2278,339,2023-12-14,6,42.99,USD
2279,271,2023-09-30,7,535.99,USD
2280,567,2024-01-29,3,722.83,GBP
2281,771,2023-10-27,10,76.32,USD
2282,485,2023-05-30,10,723.61,EUR
2283,60,2023-08-24,3,134.31,USD
2284,830,2023-08-20,4,783.01,RUB
2285,914,2023-05-12,2,519.34,GBP
2286,195,2023-09-15,1,599.59,RUB
2287,289,2023-11-05,7,683.92,GBP
2288,201,2023-01-03,8,716.59,USD
2289,684,2023-08-06,8,421.48,USD
2290,719,2023-10-27,5,895.81,GBP
2291,147,2023-01-04,7,389.24,RUB
2292,885,2024-01-30,2,516.62,USD
2293,1000,2023-12-12,8,707.69,USD
2294,174,2023-06-21,10,512.16,RUB
2295,816,2023-03-29,9,492.96,EUR
2296,987,2023-07-26,1,750.76,EUR
2297,996,2023-11-03,9,758.16,USD
2298,588,2023-04-22,3,314.7,USD
2299,686,2023-05-09,2,258.57,USD
2300,857,2023-03-19,7,154.12,USD
2301,404,2023-11-25,5,605.61,EUR
2302,893,2023-09-21,9,423.33,USD
2303,570,2023-10-21,3,870.39,EUR
2304,824,2023-06-09,9,940.03,USD
2305,28,2023-12-06,4,422.84,EUR
2306,454,2023-03-09,4,132.59,USD
2307,654,2023-07-25,5,199.2,GBP
2308,402,2024-01-20,4,843.87,USD
2309,906,2023-04-27,4,494.66,GBP
2310,871,2023-05-22,4,102.43,RUB
2311,766,2024-01-18,10,873.49,GBP
2312,950,2023-05-28,3,222.28,EUR
2313,271,2023-11-24,9,17.19,USD
2314,416,2023-05-07,5,763.35,GBP
2315,965,2023-05-13,10,406.5,RUB
2316,909,2023-09-23,6,616.64,USD
2317,765,2023-06-24,5,23.29,EUR
2318,455,2023-05-02,5,316.61,EUR
2319,8,2023-09-11,2,50.46,RUB
2320,58,2023-07-26,9,644.51,GBP
2321,378,2024-02-10,1,376.75,GBP
2322,759,2024-02-07,2,33.29,GBP
2323,212,2023-03-11,9,752.45,RUB
2324,4,2024-02-04,2,208.72,GBP
2325,681,2023-04-26,5,925.09,USD
2326,484,2024-01-09,1,133.97,RUB
2327,501,2023-07-23,7,115.09,EUR
2328,898,2023-05-16,10,201.18,EUR
2329,676,2024-01-12,4,10.58,USD
2330,226,2023-01-08,7,268.46,GBP
2331,474,2024-02-12,6,839.62,EUR
2332,988,2023-05-19,6,551.09,EUR
2333,731,2024-01-06,3,883.37,USD
2334,822,2024-02-17,7,95.48,USD
2335,217,2023-12-02,10,112.05,RUB
2336,708,2023-01-06,10,74.25,GBP
2337,343,2023-03-04,6,106.94,RUB
2338,592,2023-09-18,1,153.42,EUR
2339,88,2023-10-08,5,954.49,GBP
2340,133,2023-08-24,4,233.04,RUB
2341,218,2024-01-09,5,937.62,EUR
2342,772,2023-07-21,4,772.74,EUR
2343,826,2023-06-23,6,290.02,RUB
2344,254,2024-02-23,6,342.18,RUB
2345,679,2023-04-25,10,361.45,RUB
2346,347,2023-08-08,10,96.79,RUB
2347,811,2023-03-22,9,73.69,USD
2348,287,2023-08-18,1,407.7,RUB
2349,645,2023-08-25,2,180.28,RUB
2350,575,2024-02-04,2,236.68,RUB
2351,973,2023-12-31,4,601.35,GBP
2352,94,2024-01-30,4,623.37,EUR
2353,82,2024-01-16,3,692.1,USD
2354,684,2023-07-11,6,680.24,GBP
2355,599,2024-02-12,4,720.85,USD
2356,332,2023-03-25,6,231.35,EUR
2357,933,2023-12-10,9,745.01,GBP
2358,700,2023-01-02,3,313.09,EUR
2359,861,2024-02-03,6,821.43,RUB
2360,613,2023-03-17,6,443.49,RUB
2361,40,2023-04-19,8,955.29,USD
2362,182,2023-12-17,9,178.68,EUR
2363,143,2023-05-14,7,552.58,GBP
2364,890,2023-07-20,2,205.04,RUB
2365,627,2023-05-07,3,332.96,USD
2366,662,2023-03-19,8,359.91,GBP
2367,986,2023-06-08,7,851.75,EUR
2368,30,2023-10-30,6,467.22,GBP
2369,708,2024-01-05,4,911.72,USD
2370,514,2023-06-30,9,352.12,USD
2371,390,2024-01-04,1,584.37,GBP
2372,280,2024-01-07,3,739.35,GBP
2373,946,2023-11-02,6,444.74,RUB
2374,94,2024-02-04,6,342.03,USD
2375,973,2023-06-20,9,454.14,RUB
2376,847,2024-02-12,8,563.04,USD
2377,124,2023-12-04,7,228.3,USD
2378,305,2024-01-08,4,39.91,USD
2379,216,2023-12-11,2,466.94,USD
2380,109,2023-09-29,5,498.64,EUR
2381,942,2023-05-22,1,154.08,USD
2382,606,2023-09-11,2,960.26,USD
2383,536,2023-11-26,10,689.79,USD
2384,965,2023-01-17,3,989.09,EUR
2385,338,2023-01-21,8,748.73,EUR
2386,366,2023-11-15,4,700.31,USD
2387,190,2023-07-21,4,493.84,EUR
2388,809,2024-02-07,4,254.34,RUB
2389,160,2024-01-22,4,375.51,USD
2390,120,2024-02-16,3,140.01,GBP
2391,415,2023-01-03,6,275.84,USD
2392,747,2023-02-15,7,358.68,EUR
2393,630,2023-04-04,7,821.45,RUB
2394,439,2023-12-31,6,959.1,GBP
2395,345,2024-01-31,10,201.29,GBP
2396,360,2023-10-13,5,871.01,RUB
2397,375,2024-01-08,3,422.27,RUB
2398,943,2023-02-08,10,473.83,EUR
2399,583,2023-12-07,10,165.6,EUR
2400,270,2023-06-26,10,448.5,EUR
2401,839,2023-08-20,7,570.14,USD
2402,685,2023-06-04,2,224.83,EUR
2403,285,2023-10-16,1,348.29,RUB
2404,415,2023-05-30,5,403.94,GBP
2405,498,2023-03-24,7,962.27,USD
2406,282,2023-01-17,10,421.04,GBP
2407,143,2023-12-10,2,398.5,EUR
2408,948,2023-10-11,3,547.61,EUR
2409,481,2024-02-26,6,583.47,RUB
2410,665,2023-10-14,3,697.6,GBP
2411,577,2023-09-06,5,164.74,GBP
2412,481,2023-08-14,7,283.54,USD
2413,653,2023-11-03,1,696.46,GBP
2414,825,2023-01-08,4,911.66,EUR
2415,6,2023-08-10,4,137.31,GBP
2416,803,2023-11-05,10,283.69,USD
2417,274,2023-09-23,9,322.47,EUR
2418,281,2023-02-04,4,520.46,GBP
2419,388,2023-12-16,8,937.42,EUR
2420,311,2023-10-11,3,761.8,GBP
2421,534,2024-02-23,10,385.47,USD
2422,680,2023-02-03,4,22.13,RUB
2423,102,2023-09-14,5,252.54,USD
2424,816,2023-04-24,4,453.92,RUB
2425,195,2024-01-27,9,984.57,USD
2426,33,2023-06-17,2,292.71,EUR
2427,74,2023-11-10,5,975.55,GBP
2428,448,2023-04-05,6,546.46,USD
2429,940,2024-02-23,1,490.83,EUR
2430,401,2023-10-15,5,486.44,USD
2431,713,2023-11-07,4,964.69,USD
2432,585,2023-07-04,10,668.37,RUB
2433,227,2023-12-02,8,110.62,GBP
2434,622,2023-05-19,4,761.14,RUB
2435,921,2023-10-05,5,485.55,GBP
2436,181,2023-06-29,3,756.8,RUB
2437,573,2023-04-14,1,283.47,RUB
2438,524,2023-04-04,1,869.31,GBP
2439,268,2024-01-30,8,210.33,USD
2440,172,2024-01-25,2,567.8,USD
2441,745,2023-07-18,6,282.97,EUR
2442,204,2023-09-14,4,638.89,RUB
2443,919,2023-07-31,6,697.55,RUB
2444,927,2023-10-25,4,732.47,USD
2445,883,2023-10-14,8,313.74,GBP
2446,824,2023-03-25,3,156.16,RUB
2447,382,2023-02-25,4,408.45,GBP
2448,175,2023-04-15,3,269.45,USD
2449,479,2024-02-01,6,635.03,EUR
2450,53,2023-09-29,6,36.07,RUB
2451,555,2023-02-18,7,37.5,EUR
2452,304,2023-02-23,3,403.69,EUR
2453,948,2023-04-17,7,845.02,USD
2454,785,2023-07-20,10,638.43,RUB
2455,89,2023-03-21,1,246.21,RUB
2456,503,2023-01-25,3,653.29,RUB
2457,270,2023-11-12,9,931.07,USD
2458,211,2023-09-24,9,318.44,RUB
2459,859,2023-07-05,7,222.97,EUR
2460,603,2023-06-11,2,89.54,GBP
2461,862,2023-09-24,8,434.1,GBP
2462,397,2023-09-04,1,518.72,GBP
2463,392,2023-02-01,9,586.72,EUR
2464,979,2023-07-16,7,218.97,GBP
2465,477,2023-02-03,9,529.66,GBP
2466,882,2023-10-07,3,516.1,GBP
2467,220,2023-08-18,7,77.82,RUB
2468,308,2024-01-25,5,738.37,RUB
2469,672,2023-02-18,7,480.26,EUR
2470,140,2023-10-01,8,949.32,GBP
2471,988,2023-07-16,9,813.24,GBP
2472,338,2023-03-21,4,510.31,EUR
2473,485,2023-02-06,10,72.48,USD
2474,564,2023-08-20,10,192.54,GBP
2475,571,2023-10-16,8,314.51,EUR
2476,469,2023-12-29,4,451.56,GBP
2477,339,2023-08-24,7,477.16,USD
2478,536,2023-05-19,2,501.32,USD
2479,873,2023-11-17,5,626.25,GBP
2480,997,2024-02-06,4,711.34,GBP
2481,910,2023-10-26,8,433.0,EUR
2482,950,2023-07-06,4,293.22,GBP
2483,991,2023-04-03,2,541.59,RUB
2484,509,2023-01-17,4,802.22,GBP
2485,378,2023-08-14,5,330.55,USD
2486,641,2023-06-26,5,35.35,RUB
2487,275,2023-05-06,9,212.98,GBP
2488,399,2023-12-10,3,281.36,EUR
2489,687,2023-01-20,2,59.05,RUB
2490,411,2023-03-15,4,208.13,USD
2491,114,2024-01-20,3,619.1,RUB
2492,937,2023-07-28,6,892.57,USD
2493,980,2023-06-14,1,450.1,USD
2494,287,2023-02-08,7,378.31,EUR
2495,145,2023-08-17,3,259.34,GBP
2496,712,2023-03-29,3,482.44,RUB
2497,749,2023-05-11,7,682.05,USD
2498,669,2023-03-18,8,785.7,RUB
2499,121,2023-03-02,7,519.41,RUB
2500,432,2024-01-21,1,202.94,GBP
2501,29,2023-02-01,1,842.14,USD
2502,677,2023-04-03,8,747.78,EUR
2503,612,2023-05-01,3,618.27,USD
2504,379,2023-03-12,1,907.62,EUR
2505,164,2023-06-03,4,194.24,GBP
2506,974,2023-01-03,4,770.74,EUR
2507,10,2023-03-27,10,23.01,RUB
2508,396,2023-06-10,2,649.64,EUR
2509,757,2024-01-18,10,498.13,EUR
2510,103,2023-04-27,1,909.34,RUB
2511,153,2023-12-02,6,784.2,USD
2512,313,2023-04-25,1,194.59,EUR
2513,618,2023-05-01,10,816.32,GBP
2514,577,2023-12-18,7,327.92,RUB
2515,102,2024-01-12,3,942.23,GBP
2516,607,2023-09-07,9,115.18,GBP
2517,146,2023-07-02,3,702.29,GBP
2518,39,2023-11-28,10,291.52,EUR
2519,247,2023-02-17,5,704.8,GBP
2520,861,2023-03-11,10,746.07,EUR
2521,348,2023-08-19,7,626.47,USD
2522,425,2023-08-27,4,51.8,USD
2523,368,2024-01-05,9,204.74,GBP
2524,599,2023-10-14,2,732.78,EUR
2525,781,2023-05-26,3,868.97,GBP
2526,425,2023-02-09,2,965.65,USD
2527,292,2023-06-08,8,731.36,USD
2528,907,2023-08-05,8,374.27,USD
2529,184,2023-04-30,2,901.64,GBP
2530,970,2023-08-26,4,458.5,EUR
2531,542,2023-09-10,7,260.55,USD
2532,72,2023-05-23,8,204.98,GBP
2533,529,2024-02-16,8,160.81,GBP
2534,559,2023-02-22,1,73.78,USD
2535,619,2023-09-10,6,964.97,EUR
2536,893,2023-12-14,9,34.2,RUB
2537,478,2023-11-26,6,454.26,USD
2538,858,2023-01-27,1,24.73,RUB
2539,798,2023-10-12,2,991.02,RUB
2540,916,2023-04-06,6,435.88,GBP
2541,566,2023-09-25,3,739.23,EUR
2542,320,2023-07-08,10,14.15,RUB
2543,207,2024-02-26,8,331.49,GBP
2544,854,2023-01-16,10,502.41,RUB
2545,774,2023-06-27,9,10.12,RUB
2546,124,2023-09-25,4,91.22,GBP
2547,884,2023-06-27,2,464.71,RUB
2548,111,2023-03-02,5,146.38,RUB
2549,519,2023-07-02,4,596.98,EUR
2550,426,2023-01-03,8,275.53,GBP
2551,262,2023-04-19,8,842.11,EUR
2552,518,2023-12-31,3,126.47,USD
2553,145,2024-02-25,7,197.6,GBP
2554,971,2023-01-20,2,894.58,EUR
2555,771,2023-01-13,7,702.54,EUR
2556,67,2023-11-21,9,133.97,GBP
2557,357,2023-06-23,1,880.49,GBP
2558,556,2023-03-24,10,240.55,GBP
2559,826,2024-01-04,10,359.99,EUR
2560,857,2023-01-10,7,726.43,EUR
2561,692,2023-08-19,7,250.61,USD
2562,766,2023-10-23,5,442.97,GBP
2563,181,2023-12-14,2,308.99,USD
2564,917,2023-06-07,9,371.32,EUR
2565,620,2023-03-27,8,810.71,RUB
2566,778,2023-06-22,8,318.88,RUB
2567,30,2023-03-04,2,318.97,EUR
2568,210,2024-02-22,10,370.47,USD
2569,716,2023-09-26,2,582.97,EUR
2570,115,2023-02-15,8,150.13,RUB
2571,880,2023-01-02,10,114.32,RUB
2572,76,2023-08-03,4,468.38,USD
2573,979,2023-08-21,5,723.77,GBP
2574,115,2023-07-29,10,476.04,USD
2575,498,2023-01-08,7,745.01,USD
2576,20,2023-10-20,7,536.1,RUB
2577,207,2023-01-20,10,584.98,RUB
2578,767,2023-01-09,1,466.77,RUB
2579,313,2023-09-14,1,853.72,EUR
2580,198,2024-01-25,5,167.82,EUR
2581,737,2023-11-02,2,993.39,RUB
2582,574,2023-01-01,6,251.07,EUR
2583,54,2023-07-01,6,184.31,GBP
2584,439,2023-06-17,9,698.6,RUB
2585,601,2023-09-14,7,282.54,GBP
2586,962,2024-02-28,10,492.31,RUB
2587,830,2023-11-25,4,306.88,GBP
2588,312,2023-01-30,2,937.6,RUB
2589,711,2023-07-15,4,295.1,RUB
2590,639,2023-05-22,8,713.94,GBP
2591,403,2024-02-06,1,596.4,GBP
2592,789,2023-04-18,2,785.82,USD
2593,342,2023-12-30,3,543.99,GBP
2594,314,2023-01-29,7,459.82,RUB
2595,368,2023-07-02,2,949.53,GBP
2596,822,2023-09-07,9,72.5,GBP
2597,819,2023-06-07,6,302.69,GBP
2598,397,2023-07-03,4,531.99,EUR
2599,517,2023-02-10,2,627.99,GBP
2600,589,2023-12-29,7,466.01,RUB
2601,986,2023-08-17,10,64.65,EUR
2602,441,2023-12-14,9,544.49,USD
2603,374,2023-06-11,3,592.26,USD
2604,342,2023-05-01,8,683.4,EUR
2605,673,2023-03-22,5,973.02,USD
2606,856,2023-05-17,6,160.77,GBP
2607,751,2023-06-05,6,72.54,RUB
2608,927,2023-10-13,10,99.98,RUB
2609,778,2023-11-05,7,254.83,EUR
2610,479,2023-10-01,4,480.51,EUR
2611,802,2023-12-29,8,283.21,EUR
2612,8,2024-01-11,1,214.83,EUR
2613,374,2023-10-19,5,50.15,GBP
2614,317,2023-09-21,8,812.42,USD
2615,860,2023-04-29,7,716.06,GBP
2616,168,2023-02-11,9,437.04,EUR
2617,5,2023-07-23,8,777.97,USD
2618,155,2023-10-08,8,572.28,GBP
2619,713,2023-06-20,10,965.66,GBP
2620,736,2024-01-24,4,683.76,RUB
2621,101,2023-05-04,6,594.65,RUB
2622,42,2023-02-10,9,261.38,USD
2623,899,2023-08-12,3,811.0,GBP
2624,880,2023-04-01,2,834.16,GBP
2625,513,2024-02-14,10,482.53,USD
2626,741,2023-09-27,10,841.68,RUB
2627,323,2023-03-30,8,993.59,EUR
2628,260,2024-01-31,7,861.33,GBP
2629,783,2023-01-30,4,536.83,GBP
2630,279,2023-08-10,8,218.56,USD
2631,292,2023-01-07,1,539.2,USD
2632,252,2023-02-07,4,121.07,GBP
2633,753,2023-12-05,5,815.71,USD
2634,317,2023-05-23,4,443.15,RUB
2635,52,2023-04-18,4,461.23,RUB
2636,407,2023-09-18,7,244.9,RUB
2637,572,2023-01-19,5,222.37,EUR
2638,906,2023-12-20,10,173.1,USD
2639,112,2023-01-04,8,283.05,RUB
2640,680,2023-03-25,1,780.34,EUR
2641,282,2023-01-13,1,76.51,RUB
2642,318,2023-09-09,5,642.62,USD
2643,888,2023-03-07,10,364.8,USD
2644,758,2023-06-10,9,324.77,EUR
2645,226,2023-06-30,1,537.75,EUR
2646,397,2023-07-23,6,982.36,GBP
2647,691,2023-12-06,9,258.48,USD
2648,205,2023-04-10,4,436.69,GBP
2649,591,2023-03-01,4,904.17,RUB
2650,424,2023-09-13,5,14.52,USD
2651,795,2023-04-19,2,961.46,EUR
2652,685,2023-10-07,9,342.11,GBP
2653,514,2023-08-25,5,874.42,RUB
2654,555,2023-04-03,1,726.47,EUR
2655,389,2023-07-09,9,569.96,GBP
2656,859,2023-12-07,6,867.38,USD
2657,905,2023-07-11,5,198.61,GBP
2658,358,2023-12-14,8,298.16,EUR
2659,29,2024-02-02,5,499.42,RUB
2660,825,2023-01-01,4,888.86,GBP
2661,314,2023-09-11,5,138.03,RUB
2662,241,2024-01-06,2,18.73,EUR
2663,369,2023-09-09,4,173.78,USD
2664,661,2023-01-09,9,626.09,EUR
2665,946,2023-03-06,9,746.25,GBP
2666,389,2023-04-09,4,840.44,GBP
2667,95,2023-10-09,1,994.15,EUR
2668,202,2023-06-06,10,979.01,RUB
2669,1000,2023-07-09,10,478.5,RUB
2670,348,2023-04-20,10,717.61,EUR
2671,784,2023-09-11,8,984.24,EUR
2672,899,2024-02-16,1,705.84,GBP
2673,172,2024-02-08,2,997.33,RUB
2674,404,2023-11-30,7,468.23,RUB
2675,508,2023-02-13,2,728.77,USD
2676,705,2023-12-08,5,327.02,USD
2677,70,2024-01-16,7,596.68,RUB
2678,121,2023-04-02,1,754.88,GBP
2679,11,2023-06-30,8,102.22,RUB
2680,996,2023-12-22,5,666.87,RUB
2681,285,2023-02-26,3,136.33,USD
2682,300,2023-02-19,4,717.03,USD
2683,414,2023-12-24,9,350.04,USD
2684,893,2023-10-08,5,642.92,GBP
2685,142,2023-05-11,10,169.21,EUR
2686,152,2023-01-17,10,971.48,USD
2687,435,2023-07-17,2,604.29,EUR
2688,633,2023-06-18,2,475.42,RUB
2689,494,2023-06-01,9,451.61,GBP
2690,170,2023-07-01,2,458.05,EUR
2691,775,2023-06-20,1,32.43,RUB
2692,543,2023-09-12,1,117.05,GBP
2693,417,2023-12-30,2,635.31,EUR
2694,7,2023-09-23,10,704.69,EUR
2695,841,2024-01-14,2,567.47,EUR
2696,620,2023-08-14,9,120.02,GBP
2697,978,2023-12-21,8,456.67,USD
2698,27,2023-06-19,8,903.86,USD
2699,417,2023-09-23,8,416.09,EUR
2700,670,2024-01-02,1,39.51,RUB
2701,25,2023-02-09,8,331.28,EUR
2702,972,2023-09-28,9,470.13,EUR
2703,214,2023-05-23,7,180.06,EUR
2704,727,2023-04-03,1,302.29,GBP
2705,25,2023-04-08,2,151.61,RUB
2706,908,2023-04-28,1,418.54,USD
2707,161,2023-05-12,5,913.74,GBP
2708,786,2023-09-13,4,169.38,RUB
2709,140,2023-12-01,10,805.85,GBP
2710,293,2023-07-28,1,685.52,EUR
2711,17,2023-08-15,10,68.0,USD
2712,891,2023-07-20,5,809.3,USD
2713,147,2023-08-12,1,153.13,RUB
2714,770,2023-09-12,3,301.26,RUB
2715,800,2023-07-16,5,235.63,RUB
2716,423,2023-02-08,8,400.5,USD
2717,182,2023-08-29,6,437.35,EUR
2718,748,2023-07-16,6,299.29,GBP
2719,684,2023-02-14,6,473.41,RUB
2720,323,2023-05-16,5,86.13,USD
2721,583,2023-05-21,5,88.06,USD
2722,233,2023-10-28,7,691.54,EUR
2723,409,2023-12-31,7,909.38,USD
2724,832,2024-01-13,8,54.82,RUB
2725,879,2023-01-18,3,130.68,USD
2726,77,2023-12-19,4,687.81,EUR
2727,705,2023-11-12,5,211.29,GBP
2728,855,2023-03-26,9,783.16,EUR
2729,217,2024-02-06,3,297.93,RUB
2730,537,2023-10-06,4,702.33,USD
2731,901,2023-12-11,10,234.81,EUR
2732,349,2023-12-04,6,213.76,EUR
2733,31,2023-06-16,7,55.67,GBP
2734,300,2023-03-09,8,260.48,USD
2735,743,2023-04-13,9,783.96,USD
2736,397,2023-09-17,8,127.31,USD
2737,428,2023-04-30,4,25.54,RUB
2738,469,2023-04-25,8,286.86,RUB
2739,444,2023-10-17,3,271.34,EUR
2740,591,2023-07-15,9,232.4,RUB
2741,45,2023-09-07,5,184.97,EUR
2742,135,2023-07-13,6,419.39,RUB
2743,843,2023-09-13,6,866.17,EUR
2744,873,2023-11-10,2,307.82,GBP
2745,372,2023-07-06,10,130.28,GBP
2746,124,2023-03-29,7,139.8,EUR
2747,199,2023-09-24,7,220.26,EUR
2748,428,2023-08-05,9,236.76,USD
2749,977,2023-12-15,8,107.26,USD
2750,587,2023-12-07,1,465.43,EUR
2751,786,2023-05-22,10,466.76,EUR
2752,201,2023-08-25,5,794.54,USD
2753,707,2023-05-20,6,667.98,EUR
2754,78,2023-05-20,8,43.0,GBP
2755,915,2023-06-18,8,965.43,RUB
2756,272,2023-05-24,9,483.22,GBP
2757,792,2024-02-11,10,153.11,USD
2758,529,2023-06-26,1,91.72,GBP
2759,650,2023-11-19,6,865.11,USD
2760,708,2023-05-12,10,854.44,GBP
2761,29,2023-03-16,8,800.3,EUR
2762,910,2023-07-03,10,810.23,USD
2763,393,2023-06-21,8,531.17,GBP
2764,762,2023-01-09,6,235.27,GBP
2765,74,2024-02-11,8,854.83,EUR
2766,325,2023-07-31,5,66.33,RUB
2767,228,2024-02-08,7,711.69,GBP
2768,251,2024-01-31,6,559.58,GBP
2769,379,2023-05-27,2,229.1,RUB
2770,96,2023-07-30,6,199.75,USD
2771,584,2023-04-28,3,730.29,GBP
2772,478,2023-01-26,9,580.54,EUR
2773,959,2024-01-19,2,31.06,EUR
2774,699,2023-02-06,2,820.94,RUB
2775,642,2023-02-14,3,864.79,GBP
2776,702,2023-03-14,1,507.86,GBP
2777,929,2023-07-31,8,871.26,USD
2778,17,2023-12-19,4,501.81,EUR
2779,271,2023-02-09,3,226.4,EUR
2780,651,2023-12-13,4,220.49,RUB
2781,631,2023-06-10,7,34.72,EUR
2782,643,2023-10-15,1,831.6,USD
2783,269,2023-08-03,10,919.09,USD
2784,974,2023-04-05,7,676.11,GBP
2785,572,2024-02-02,1,62.55,GBP
2786,740,2023-02-25,10,71.91,USD
2787,353,2023-12-08,10,311.95,USD
2788,545,2023-03-10,1,194.46,USD
2789,798,2024-02-09,7,115.08,USD
2790,286,2023-09-27,8,983.3,EUR
2791,234,2023-08-05,3,913.18,USD
2792,686,2023-05-09,9,169.86,USD
2793,300,2023-10-05,7,656.59,RUB
2794,101,2023-05-28,7,494.89,EUR
2795,45,2023-11-14,8,853.48,RUB
2796,40,2023-09-15,2,466.48,RUB
2797,485,2023-07-12,6,632.7,USD
2798,231,2023-06-18,1,613.76,USD
2799,332,2024-01-18,10,174.96,RUB
2800,121,2023-03-12,5,590.51,GBP
2801,331,2023-04-23,3,714.84,RUB
2802,888,2023-05-18,7,406.94,RUB
2803,899,2023-05-10,2,75.88,USD
2804,25,2024-01-12,7,149.18,RUB
2805,227,2024-02-02,3,291.47,EUR
2806,443,2023-03-16,9,686.79,GBP
2807,706,2023-03-03,3,933.46,RUB
2808,290,2023-11-03,4,278.72,GBP
2809,455,2023-03-13,3,115.44,USD
2810,33,2023-12-14,2,564.61,GBP
2811,992,2023-02-26,9,720.42,EUR
2812,311,2023-09-23,10,182.16,EUR
2813,877,2024-01-16,2,851.11,USD
2814,985,2023-07-08,7,983.13,USD
2815,869,2023-12-16,5,483.39,USD
2816,636,2024-01-10,10,222.43,EUR
2817,28,2024-01-21,4,895.01,RUB
2818,151,2023-04-22,5,858.81,USD
2819,186,2023-10-25,7,678.34,EUR
2820,69,2023-07-24,7,32.88,EUR
2821,675,2023-05-04,2,658.86,RUB
2822,481,2024-01-18,7,67.6,GBP
2823,188,2023-06-18,8,125.15,USD
2824,605,2023-07-16,10,43.18,RUB
2825,610,2024-01-06,7,261.11,RUB
2826,401,2023-05-08,5,644.81,EUR
2827,35,2023-03-21,8,457.39,EUR
2828,896,2023-01-12,9,480.17,USD
2829,437,2023-02-22,8,263.28,GBP
2830,34,2023-06-29,2,327.49,GBP
2831,80,2023-02-19,9,195.11,RUB
2832,228,2023-04-30,3,157.61,USD
2833,348,2023-02-20,5,358.33,RUB
2834,930,2023-11-14,8,722.72,EUR
2835,39,2024-01-21,1,588.73,EUR
2836,960,2023-10-08,6,66.91,RUB
2837,926,2023-08-13,2,379.54,GBP
2838,804,2023-12-25,1,741.41,RUB
2839,595,2023-04-08,2,388.06,USD
2840,257,2023-01-23,7,674.43,RUB
2841,302,2023-10-22,10,759.4,EUR
2842,888,2023-11-03,4,321.98,USD
2843,752,2023-06-29,3,416.94,EUR
2844,126,2023-11-25,6,369.18,GBP
2845,505,2023-07-17,10,238.94,RUB
2846,498,2023-03-24,1,833.59,GBP
2847,221,2023-06-08,9,119.6,USD
2848,10,2023-11-24,8,92.4,GBP
2849,160,2023-04-13,5,845.2,USD
2850,323,2023-06-23,4,743.63,GBP
2851,940,2023-04-30,5,306.47,EUR
2852,46,2023-01-17,1,622.76,USD
2853,399,2023-03-03,8,239.44,USD
2854,998,2023-07-11,6,242.83,RUB
2855,749,2023-08-17,10,536.33,RUB
2856,622,2023-11-21,2,306.09,EUR
2857,768,2023-06-27,6,716.16,RUB
2858,980,2023-10-02,5,489.49,EUR
2859,238,2023-07-31,3,618.23,GBP
2860,625,2023-04-10,6,477.94,EUR
2861,422,2023-10-26,10,629.67,GBP
2862,182,2023-07-01,4,147.02,EUR
2863,701,2023-03-14,10,925.67,GBP
2864,210,2023-06-01,7,907.75,RUB
2865,97,2023-10-30,8,996.61,USD
2866,57,2023-09-12,2,948.63,EUR
2867,831,2023-01-31,3,619.69,GBP
2868,256,2023-03-31,3,502.7,EUR
2869,678,2024-01-23,2,173.43,RUB
2870,347,2023-03-20,1,244.37,GBP
2871,94,2023-10-08,3,35.23,USD
2872,561,2023-08-30,5,638.8,EUR
2873,476,2023-04-06,10,529.49,RUB
2874,59,2023-11-09,9,541.22,USD
2875,442,2023-06-07,6,696.79,USD
2876,651,2023-06-13,2,439.68,GBP
2877,800,2023-10-25,1,653.52,USD
2878,555,2023-12-28,1,163.44,USD
2879,469,2023-02-23,8,433.03,GBP
2880,848,2023-03-02,1,474.97,EUR
2881,98,2023-12-31,2,47.66,USD
2882,143,2023-05-03,6,997.59,USD
2883,543,2024-01-22,7,870.32,USD
2884,809,2023-02-21,7,757.66,RUB
2885,1000,2023-08-31,8,271.0,USD
2886,528,2023-09-30,4,863.67,EUR
2887,958,2023-09-28,7,678.18,EUR
2888,154,2023-09-24,6,845.62,EUR
2889,841,2023-07-13,1,174.63,RUB
2890,659,2023-04-26,6,451.2,RUB
2891,211,2023-11-07,2,110.69,USD
2892,599,2023-11-18,8,429.01,GBP
2893,361,2024-01-05,8,556.33,GBP
2894,639,2024-01-31,3,947.09,USD
2895,440,2023-12-28,9,717.02,RUB
2896,838,2023-08-01,1,728.46,GBP
2897,874,2023-08-04,2,238.48,GBP
2898,108,2023-07-28,1,841.96,EUR
2899,785,2024-01-22,4,360.35,RUB
2900,968,2023-12-10,10,881.15,GBP
2901,770,2023-01-07,7,888.78,USD
2902,334,2023-10-17,1,989.14,RUB
2903,504,2023-07-26,4,259.99,USD
2904,800,2023-12-19,6,317.63,EUR
2905,525,2023-04-26,2,809.82,RUB
2906,746,2024-01-19,9,601.95,USD
2907,592,2023-07-28,10,896.24,RUB
2908,974,2024-01-28,10,122.48,EUR
2909,395,2023-09-02,8,211.01,EUR
2910,308,2023-09-08,1,213.5,EUR
2911,272,2023-02-18,10,620.71,GBP
2912,795,2023-11-27,1,792.05,USD
2913,88,2023-08-18,2,552.49,GBP
2914,456,2023-05-07,3,44.28,GBP
2915,321,2024-02-01,7,534.16,RUB
2916,838,2023-07-29,3,600.62,GBP
2917,214,2023-04-22,6,151.9,EUR
2918,824,2023-02-01,10,352.39,USD
2919,611,2023-05-27,1,478.37,GBP
2920,411,2023-11-27,9,99.19,EUR
2921,970,2024-01-29,6,636.64,GBP
2922,17,2023-12-14,2,573.17,USD
2923,15,2023-09-09,9,606.52,GBP
2924,844,2023-09-24,8,260.02,USD
2925,917,2023-08-05,8,863.4,RUB
2926,362,2023-08-31,3,34.1,USD
2927,251,2023-10-07,8,599.98,GBP
2928,29,2023-05-05,7,383.74,USD
2929,895,2023-11-07,8,970.57,RUB
2930,311,2023-05-15,10,514.01,USD
2931,15,2023-10-26,2,515.38,RUB
2932,636,2023-08-14,8,482.13,USD
2933,504,2023-07-15,3,78.58,USD
2934,104,2023-12-22,1,427.43,EUR
2935,960,2024-01-04,7,117.54,USD
2936,271,2023-12-22,3,412.0,GBP
2937,890,2023-01-25,9,189.96,USD
2938,783,2023-12-01,1,626.47,USD
2939,337,2023-10-23,8,670.3,RUB
2940,460,2023-02-03,6,343.11,EUR
2941,110,2023-03-28,4,119.16,RUB
2942,643,2023-05-14,1,366.59,GBP
2943,351,2024-02-09,7,334.5,USD
2944,431,2023-04-05,2,96.34,USD
2945,106,2023-09-23,2,557.77,USD
2946,791,2023-01-23,8,59.58,USD
2947,566,2023-09-28,10,538.41,RUB
2948,606,2023-06-27,2,333.81,EUR
2949,659,2024-01-19,4,74.03,RUB
2950,68,2024-02-17,2,495.74,USD
2951,237,2023-11-16,5,640.24,RUB
2952,350,2023-03-06,5,72.48,EUR
2953,646,2023-01-24,2,493.44,RUB
2954,289,2023-06-07,7,492.22,USD
2955,123,2024-01-17,7,521.53,RUB
2956,527,2023-03-02,5,262.16,RUB
2957,525,2023-10-29,1,267.73,USD
2958,300,2023-04-21,6,467.25,EUR
2959,596,2023-07-24,8,164.17,EUR
2960,569,2023-11-23,4,487.26,EUR
2961,129,2024-02-03,6,222.49,USD
2962,947,2023-12-06,10,520.61,RUB
2963,138,2023-09-04,5,365.38,USD
2964,60,2023-07-20,9,797.65,RUB
2965,114,2023-06-16,5,490.03,GBP
2966,463,2023-11-30,9,372.56,EUR
2967,502,2023-05-30,6,599.44,RUB
2968,700,2023-08-11,7,761.76,RUB
2969,245,2023-08-22,1,592.6,EUR
2970,363,2024-01-22,4,382.57,EUR
2971,463,2023-04-27,5,697.52,GBP
2972,749,2023-04-07,4,12.81,GBP
2973,280,2023-06-23,4,595.52,EUR
2974,799,2023-09-24,10,150.16,EUR
2975,261,2023-04-24,9,682.45,RUB
2976,943,2023-11-07,4,702.33,USD
2977,47,2023-05-31,3,877.62,RUB
2978,676,2023-08-09,5,157.02,GBP
2979,742,2023-08-19,10,253.2,GBP
2980,281,2024-01-16,1,697.39,RUB
2981,827,2023-02-03,3,864.34,GBP
2982,917,2023-08-25,7,494.79,RUB
2983,47,2023-04-28,10,769.85,EUR
2984,366,2023-11-26,1,495.95,USD
2985,852,2023-05-18,2,140.01,EUR
2986,612,2023-06-13,6,504.83,EUR
2987,311,2023-10-31,7,208.02,RUB
2988,718,2023-07-06,6,810.49,USD
2989,418,2023-04-14,7,277.67,RUB
2990,254,2023-01-31,7,453.42,GBP
2991,291,2023-12-04,9,778.19,EUR
2992,869,2023-04-09,9,782.34,USD
2993,795,2023-03-20,3,184.35,GBP
2994,528,2023-10-17,10,761.44,GBP
2995,571,2023-01-01,10,415.62,GBP
2996,939,2024-02-16,7,81.63,EUR
2997,442,2023-11-19,3,24.38,RUB
2998,860,2024-01-13,3,438.24,RUB
2999,499,2023-03-07,6,87.42,GBP
3000,385,2023-07-17,4,224.19,RUB
